image_id,competitor_product_id,url,source_page,publisher,match_state,retrieved_at,source_id
cimg-dyson-purifier-cool-tp07-0,dyson-purifier-cool-tp07,"https://dyson-h.assetsadobe2.com/is/image/content/dam/dyson/images/products/hero/369690-01.png?$responsive$&cropPathE=desktop&fit=stretch,1&wid=1920",https://www.dyson.nl/luchtbehandeling/luchtreiniger-ventilator/purifier-cool-tp07/wit-zilver,Dyson,VERIFIED_EXACT,2026-08-27,src-76a853f9e086
cimg-dyson-purifier-humidify-cool-ph04-1,dyson-purifier-humidify-cool-ph04,"https://dyson-h.assetsadobe2.com/is/image/content/dam/dyson/images/products/hero/379491-01.png?$responsive$&cropPathE=desktop&fit=stretch,1&wid=1920",https://www.dyson.nl/luchtbehandeling/luchtreiniger-luchtbevochtiger-ventilator/purifier-humidify-cool-formaldehyde-ph04/wit-goud,Dyson,VERIFIED_EXACT,2026-08-27,src-f99d4b7a79da
cimg-ikea-starkvind-2,ikea-starkvind,https://www.ikea.com/nl/en/images/products/starkvind-air-purifier-black-smart__0978609_pe814182_s5.jpg,https://www.ikea.com/nl/en/p/starkvind-air-purifier-black-smart-60502013/,IKEA,VERIFIED_EXACT,2026-08-27,src-83b8ed5c77d0
cimg-winix-t800-3,winix-t800,https://winixeurope.eu/wp-content/uploads/2024/10/Luchtreiniger-winix-T800-met-app.png,https://winixeurope.eu/en/air-purifiers/air-purifier-winix-t800/,WINIX Europe,VERIFIED_EXACT,2026-08-27,src-a4aee965d218
cimg-coway-airmega-150-4,coway-airmega-150,https://coway.co.uk/cdn/shop/files/WhiteMain_430x_49f76bdc-505c-4ca6-9ab6-d6220f1e5df9.webp?v=1774951834,https://coway.co.uk/products/airmega-150-white,Coway,VERIFIED_EXACT,2026-08-27,src-e8021ecf8d9d
cimg-coway-airmega-mighty-5,coway-airmega-mighty,https://coway.co.uk/cdn/shop/files/B071SLZRRV.PT01.webp?v=1774960049,https://coway.co.uk/products/airmega-mighty-black,Coway,VERIFIED_EXACT,2026-08-27,src-ea262e8901c7
cimg-levoit-core-300s-6,levoit-core-300s,https://levoit.co.uk/cdn/shop/files/B0FDWK7YL2.MAIN.jpg?v=1775118661,https://levoit.co.uk/products/levoit-core-300s-smart-air-purifier,Levoit,VERIFIED_EXACT,2026-08-27,src-6c6cf9876a8b
cimg-levoit-oasismist-7,levoit-oasismist,https://levoit.co.uk/cdn/shop/files/B0BSFX9YJ2.MAIN.png?v=1706015161,https://levoit.co.uk/products/levoit-oasismist-smart-humidifier,Levoit,VERIFIED_EXACT,2026-08-27,src-db7ae2aea7c6
cimg-delonghi-magnifica-evo-0,delonghi-magnifica-evo,https://image.coolblue.nl/max/1400xauto/products/1796927,https://www.coolblue.nl/product/896292/de-longhi-magnifica-evo-ecam290-61-sb.html,Coolblue,VERIFIED_EXACT,2026-08-27,src-img-coffee-delonghi-magnifica-evo
cimg-delonghi-primadonna-soul-0,delonghi-primadonna-soul,https://image.coolblue.nl/500x500/products/1792465,https://www.coolblue.nl/product/866730/de-longhi-primadonna-soul-ecam-610-75-mb.html,Coolblue,VERIFIED_EXACT,2026-08-27,src-img-coffee-delonghi-primadonna-soul
cimg-jura-e8-0,jura-e8,https://image.coolblue.nl/500x500/products/2039500,https://www.coolblue.nl/product/947475/jura-e8-piano-black-ec.html,Coolblue,VERIFIED_EXACT,2026-08-27,src-img-coffee-jura-e8
cimg-melitta-barista-t-smart-0,melitta-barista-t-smart,https://image.coolblue.nl/500x500/products/2105001,https://www.coolblue.nl/product/808752/melitta-barista-t-smart-zwart-f830-102.html,Coolblue,VERIFIED_EXACT,2026-08-27,src-img-coffee-melitta-barista-t-smart
cimg-nespresso-vertuo-next-0,nespresso-vertuo-next,https://nespresso-b2c.s3.eu-central-1.amazonaws.com/website+images/vertuo+next.png,https://www.nespresso.com/nl/en/koffiemachines/vertuo/vertuo-next,Nespresso,VERIFIED_EXACT,2026-08-27,src-img-coffee-nespresso-vertuo-next
cimg-sage-barista-express-0,sage-barista-express,https://image.coolblue.nl/500x500/products/1351561,https://www.coolblue.nl/product/855808/sage-barista-express-stainless-steel.html,Coolblue,VERIFIED_EXACT,2026-08-27,src-img-coffee-sage-barista-express
cimg-krups-dolce-gusto-piccolo-xs-0,krups-dolce-gusto-piccolo-xs,https://image.coolblue.nl/500x500/products/1971375,https://www.coolblue.nl/product/936426/krups-nescafe-dolce-gusto-piccolo-xs-kp1a31.html,Coolblue,VERIFIED_EXACT,2026-08-27,src-img-coffee-krups-dolce-gusto-piccolo-xs
cimg-sage-bambino-plus-0,sage-bambino-plus,"https://assets.sageappliances.com/cdn-cgi/image/width=1300,format=auto/BES500/SES500BSS4EEU1/pdp_1300px.png?pdp",https://www.sageappliances.com/en-nl/product/bes500,Sage Appliances,VERIFIED_EXACT,2026-08-27,src-img-coffee-sage-bambino-plus
cimg-delonghi-dedica-style-ec685m-0,delonghi-dedica-style-ec685m,https://dam.delonghi.com/902x902/assets/223687,https://www.delonghi.com/nl-nl/p/dedica-handmatige-espressomachines-handmatige-espressomachine-dedica-style-ec685.m/EC685.M+EX:4.html?pid=0132106266,De'Longhi,VERIFIED_EXACT,2026-08-27,src-img-coffee-delonghi-dedica-style-ec685m
cimg-rancilio-silvia-e-v6-0,rancilio-silvia-e-v6,https://img.kavosdraugas.lt/83c0770d-fbf5-4de2-a5da-934a9f343306/1000x1000/silviae1jpg.jpg,https://www.coffeefriend.eu/p/coffee-machine-rancilio-silvia-e/,Coffee Friend,VERIFIED_EXACT,2026-08-27,src-img-coffee-rancilio-silvia-e-v6
cimg-nespresso-vertuo-next-matt-black-0,nespresso-vertuo-next-matt-black,https://image.coolblue.nl/500x500/products/1843915,https://www.coolblue.nl/en/product/879639/magimix-nespresso-vertuo-next-matte-black.html,Coolblue,VERIFIED_EXACT,2026-08-27,src-img-coffee-nespresso-vertuo-next-matt-black
cimg-dolce-gusto-genio-s-plus-0,dolce-gusto-genio-s-plus,https://image.coolblue.nl/500x500/products/1460346,https://www.coolblue.nl/product/866583/krups-dolce-gusto-genio-s-plus-kp3405-rood.html,Coolblue,VERIFIED_EXACT,2026-08-27,src-img-coffee-dolce-gusto-genio-s-plus
cimg-illy-y33-iperespresso-0,illy-y33-iperespresso,https://www.illy.com/dw/image/v2/BBDD_PRD/on/demandware.static/-/Sites-masterCatalog_illycaffe/default/dw3ce1c12a/products/sfra/machines/High2x/60495_High_2x_01.png?q=75,https://www.illy.com/nl-nl/shop/koffiemachines/iperespresso-koffiecapsules-machines/y3-3-iperespresso/Y3-3.html,illy,VERIFIED_EXACT,2026-08-27,src-img-coffee-illy-y33-iperespresso
cimg-sharkninja-ninja-foodi-dz401-0,sharkninja-ninja-foodi-dz401,https://assets.sharkninja.com/image/upload/f_auto/q_auto/SharkNinja-NA/DZ401_01.jpg,https://www.sharkninja.com/ninja-foodi-6-in-1-10-qt.-xl-2-basket-air-fryer-with-dualzone-technology/DZ401.html,SharkNinja,VERIFIED_EXACT,2026-08-27,src-img-fooda-sharkninja-dz401
cimg-cosori-pro-le-caf-l501-0,cosori-pro-le-caf-l501,https://cosori.com/cdn/shop/files/81vP0uyTkcL._AC_SL1500.jpg?v=1770088189&width=900,https://cosori.com/products/pro-le-5-0-quart-air-fryer,Cosori,VERIFIED_EXACT,2026-08-27,src-img-fooda-cosori-prole
cimg-bajaj-gx15-mixer-0,bajaj-gx15-mixer,https://www.bajajelectricals.com/cdn/shop/files/410561-BajajGX15MixerGrinder.jpg?v=1727081639&width=1500,https://www.bajajelectricals.com/products/bajaj-gx-15-mixer-grinder,Bajaj Electricals,VERIFIED_EXACT,2026-08-27,src-img-fooda-bajaj-gx15
cimg-bajaj-glamore-1000w-0,bajaj-glamore-1000w,https://www.bajajelectricals.com/cdn/shop/files/B0CZTM39NC_MAIN_jpg.jpg?v=1748944731&width=1500,https://www.bajajelectricals.com/collections/mixer-grinder/products/bajaj-military-series-glamore-4-jar-1000w-jet-black-mixer-grinder,Bajaj Electricals,VERIFIED_EXACT,2026-08-27,src-img-fooda-bajaj-glamore
cimg-instantpot-duo-6qt-0,instantpot-duo-6qt,https://instantpot.com/cdn/shop/files/112-0170-01_Duo_6_Qt_Silo_01_ATF.png?v=1752158152&width=3000,https://instantpot.com/products/instant-pot-duo-6qt-multi-use-pressure-cooker,Instant Pot,VERIFIED_EXACT,2026-08-27,src-img-fooda-instantpot-duo6qt
cimg-vitamix-5200-0,vitamix-5200,https://www.vitamix.com/media_41bd85967ef067854ae6f8d6620706d2ccdd8dd8.jpg?width=750&format=jpg&optimize=medium,https://www.vitamix.com/us/en_us/shop/blenders/5200-plus-stainless-steel-container,Vitamix,VERIFIED_EXACT,2026-08-27,src-img-fooda-vitamix-5200
cimg-arno-airfryer-afm7-0,arno-airfryer-afm7,https://lojaarno.vtexassets.com/arquivos/ids/172935-800-auto?v=638732501795370000&width=800&height=auto&aspect=true,https://www.arno.com.br/fritadeira-sem-oleo-air-fryer-arno-mega-7-5l-preta-afm7-1510002779/p,Arno,VERIFIED_EXACT,2026-08-27,src-img-fooda-arno-afm7
cimg-mondial-airfryer-afn40bf-0,mondial-airfryer-afn40bf,https://lojamundial.vtexassets.com/arquivos/ids/165082-800-auto?v=638874989001600000&width=800&height=auto&aspect=true,https://www.mondial.com.br/fritadeira-sem-oleo-air-fryer-4l-mondial-preto-1500w-afn-40-bf/p,Mondial,VERIFIED_EXACT,2026-08-27,src-img-fooda-mondial-afn40bf
cimg-britania-airfryer-baf52-0,britania-airfryer-baf52,https://philco.vtexassets.com/arquivos/ids/250540-800-800?v=638730742520300000&width=800&height=800&aspect=true,https://www.britania.com.br/fritadeira-air-fryer-baf52-127v-063801119/p,Britania,VERIFIED_EXACT,2026-08-27,src-img-fooda-britania-baf52
cimg-electrolux-blender-ebs30-0,electrolux-blender-ebs30,https://electrolux.vtexassets.com/arquivos/ids/295260-1000-1000?v=639220446515600000&width=1000&height=1000&aspect=true&format=auto,https://loja.electrolux.com.br/liquidificador-electrolux-700w-com-copo-de-vidro-tecnologia-truflow-experience-ebs30/p,Electrolux,VERIFIED_EXACT,2026-08-27,src-img-fooda-electrolux-ebs30
cimg-faber-hood-primus-plus-energy-0,faber-hood-primus-plus-energy,https://faberindia.com/cdn/shop/products/P5A8921.jpg?v=1681365456,https://faberindia.com/products/kitchen-chimney-hood-primus-plus-energy-in-hcsc-bk-60,Faber India,VERIFIED_EXACT,2026-08-27,src-img-fooda-faber-primusplusenergy
cimg-faber-hood-pluto-0,faber-hood-pluto,https://faberindia.com/cdn/shop/files/image_5_52399cc5-99d4-4d03-aa82-1e90e4e7e41b.png?v=1739180290,https://faberindia.com/products/kitchen-chimney-hood-pluto-pb-bf-bk-60,Faber India,VERIFIED_FAMILY,2026-08-27,src-img-fooda-faber-pluto
cimg-meyer-select-kadai-24cm-0,meyer-select-kadai-24cm,https://www.potsandpans.in/cdn/shop/products/24cm_86927dc6-8c80-4fa5-a9e6-7a7febf8df1d_300x300.jpg?v=1735817006,https://www.potsandpans.in/products/select-stainless-steel-kadai-24cm-induction-gas-compatible,Meyer (Pots and Pans India),VERIFIED_EXACT,2026-08-27,src-img-fooda-meyer-kadai24
cimg-vinod-platinum-triply-kadai-0,vinod-platinum-triply-kadai,https://vinodcookware.com/cdn/shop/files/VinodPlatinumTriplyStainlessSteelKadaiwithLid_InductionFriendly.jpg?v=1746014623,https://vinodcookware.com/products/vinod-platinum-triply-stainless-steel-kadai-with-lid,Vinod Cookware,VERIFIED_EXACT,2026-08-27,src-img-fooda-vinod-platinumkadai
cimg-sunflame-zenial-3b-0,sunflame-zenial-3b,https://www.sunflame.com/cdn/shop/files/GSTHBA3R7ZUYKNF8_0_32e88de4-7383-4103-8a1d-ec5f850bbb9f.jpg?v=1754392756&width=1946,https://www.sunflame.com/products/lpg-stove-gt-genial-3b,Sunflame,VERIFIED_EXACT,2026-08-27,src-img-foodb-sunflame-zenial-3b
cimg-prestige-prithvi-1burner-0,prestige-prithvi-1burner,https://shop.ttkprestige.com/media/catalog/product/5/6/5647-40000-IMG1.jpg?optimize=medium&fit=bounds&height=500&width=500,https://shop.ttkprestige.com/prestige-prithvi-stainless-steel-gas-stove-1-burner-40000.html,TTK Prestige,VERIFIED_EXACT,2026-08-27,src-img-foodb-prestige-prithvi-1burner
cimg-prestige-bliss-induction-1200w-0,prestige-bliss-induction-1200w,https://shop.ttkprestige.com/media/catalog/product/1/3/1390-41055-IMG1.jpg?optimize=medium&fit=bounds&height=500&width=500,https://shop.ttkprestige.com/prestige-induction-cooktop-bliss-1200-w.html,TTK Prestige,VERIFIED_EXACT,2026-08-27,src-img-foodb-prestige-bliss-induction-1200w
cimg-bajaj-icx200fp-induction-0,bajaj-icx200fp-induction,https://www.bajajelectricals.com/cdn/shop/files/hero_image_168bfa82-c597-43ec-bbd6-3213f0bf7864.jpg?v=1749448099&width=1500,https://www.bajajelectricals.com/collections/induction-cooktops/products/bajaj-icx-200fp-induction-stove,Bajaj Electricals,VERIFIED_EXACT,2026-08-27,src-img-foodb-bajaj-icx200fp-induction
cimg-hawkins-classic-5l-0,hawkins-classic-5l,https://rukminim2.flixcart.com/image/480/640/xif0q/shopsy-pressure-cooker/c/v/h/1-cl50-pressure-cooker-hawkins-enriched-0-original-imahd78urzz2dybn.jpeg?q=20,https://www.flipkart.com/hawkins-classic-5-l-pressure-cooker/p/itm9b36d00e8c903,Flipkart,VERIFIED_EXACT,2026-08-27,src-img-foodb-hawkins-classic-5l
cimg-prestige-popular-plus-cooker-0,prestige-popular-plus-cooker,https://shop.ttkprestige.com/media/catalog/product/9/7/9755-10211-P-IMG1.jpg?optimize=medium&fit=bounds&height=500&width=500,https://shop.ttkprestige.com/prestige-popular-plus-virgin-aluminium-precision-weight-valve-junior-deep-pan-pressure-cooker-silver.html,TTK Prestige,VERIFIED_EXACT,2026-08-27,src-img-foodb-prestige-popular-plus-cooker
cimg-russellhobbs-colours-plus-toaster-0,russellhobbs-colours-plus-toaster,https://cdn-img.russellhobbs.com/manager/russellhobbs_com/q423/large_rh_feature_image_26550-56_1.jpg,https://nl.russellhobbs.com/product/colours-plus-2-slice-toaster-black-26550-56,Russell Hobbs,VERIFIED_EXACT,2026-08-27,src-img-foodb-russellhobbs-colours-plus-toaster
cimg-smeg-toaster-tsf01rdeu-0,smeg-toaster-tsf01rdeu,https://assets.4flow.cloud/TSF01RDEU.jpg?pEFs=cVY2M1MyN1ZOMFFadEQ5ZlVOMzhVNW9FZ2lIZ2xjODNsaUVIZVpuOFg5TklJajhUckE5RWVMbG50L1NyQmR2bEE3ak9xZlZqMTVoWE1BMnI3bmpQWXJUcWFXQ0ZCelpTUXdGOGh3QWJzbUFsK1RQNWZtOFBISkFaTlhWSC9MNk5UczJzSjVNUnZad2R0azJSTVloRnJLQldyZ3o5WllZTTMrNVFtUkF4SERzPQ,https://www.smeg.com/nl/products/TSF01RDEU,Smeg,VERIFIED_EXACT,2026-08-27,src-img-foodb-smeg-toaster-tsf01rdeu
cimg-bosch-toaster-tat2m121-0,bosch-toaster-tat2m121,https://mycliplister.com/thumb/80804/132df889880be520e2cd6e12b9588f6b960ff70237a683139751e34ac8f2f7a2481cdbb631b526752d2a4ef2aed376e41,https://www.alternate.de/Bosch-Home/Kompakt-Toaster-MyMoment-TAT2M121/html/product/100028796,Alternate GmbH,VERIFIED_EXACT,2026-08-27,src-img-foodb-bosch-toaster-tat2m121
cimg-bosch-vitajuice3-0,bosch-vitajuice3,https://www.world-import.com/images/P/Bosch-MES3500-Centrifugal-Juicer.jpg,https://www.world-import.com/Bosch-MES3500-Centrifugal-Juicer-Vita-Juice-3-700-Watt-blue-220-240-Volt-50-Hz.htm,World Import,VERIFIED_EXACT,2026-08-27,src-img-foodb-bosch-vitajuice3
cimg-bosch-vitaextract-slowjuicer-0,bosch-vitaextract-slowjuicer,https://alternate.nl/p/160x160/9/Bosch_MESM500W_Slow_Juicer_VitaExtract_sapcentrifuge@@9ghjdh17.jpg,https://www.alternate.nl/Bosch-Home/MESM500W-Slow-Juicer-VitaExtract-sapcentrifuge/html/product/1617144,Alternate NL,VERIFIED_FAMILY,2026-08-27,src-img-foodb-bosch-vitaextract-slowjuicer
cimg-smeg-citrus-juicer-cjf11rdeu-0,smeg-citrus-juicer-cjf11rdeu,https://assets.4flow.cloud/CJF11RDEU.jpg?pEFs=cVY2M1MyN1ZOMFFadEQ5ZlVOMzhVN296bGpMS3RnaldxQzdqVEtQNnVqa01YR0pRZUltUTlGWHdtdnh4WjA2YVVFT29BNXI4Q3J4VWdOdVJ6cGtpWWd5TXFjUFdMWmt1MmRqZXNSaU5OQk1EZmdPMkUzU2YyQ0R3Z3lYelg2Ym5tVGwyb3pIazc5QlBzWDBkeGR6R1RMSkRPVXFpUGdZK2J4blZvSGs1LzJnPQ,https://www.smeg.com/nl/products/CJF11RDEU,Smeg,VERIFIED_EXACT,2026-08-27,src-img-foodb-smeg-citrus-juicer-cjf11rdeu
cimg-hurom-h320n-slowjuicer-0,hurom-h320n-slowjuicer,https://www.hurom-europe.com/wp-content/uploads/2022/06/H320N_DG1.jpg,https://www.hurom-europe.com/product/h320n-series/,Hurom,VERIFIED_EXACT,2026-08-27,src-img-foodb-hurom-h320n-slowjuicer
cimg-dyson-v15-detect-absolute-0,dyson-v15-detect-absolute,https://dyson-h.assetsadobe2.com/is/image/content/dam/dyson/images/products/primary/494719-01.png,https://www.dyson.nl/stofzuigers/draadloos/v15-detect/absolute-geel-nikkel,Dyson,VERIFIED_EXACT,2026-08-27,src-img-rest-dyson-v15-detect-absolute
cimg-shark-powerdetect-speed-ia3241eut-0,shark-powerdetect-speed-ia3241eut,"https://assets.sharkninja.com/image/upload/c_fill,w_690,h_690,f_auto,g_auto,q_auto:good,dpr_2.0,b_rgb:FFFFFF/v1/storefront/products-DE/IA3241EUT/IA3241EUT_01",https://www.sharkninja.de/shark-powerdetect-speed-pet-pro-clean-empty-akku-staubsauger/IA3241EUT.html,SharkNinja,VERIFIED_EXACT,2026-08-27,src-img-rest-shark-powerdetect-speed-ia3241eut
cimg-roborock-dyad-pro-combo-0,roborock-dyad-pro-combo,https://us.roborock.com/cdn/shop/files/1_FC4A5224.jpg?v=1725026714,https://us.roborock.com/products/roborock-dyad-pro-combo-5-in-1-vacuum-cleaner,Roborock,VERIFIED_EXACT,2026-08-27,src-img-rest-roborock-dyad-pro-combo
cimg-tineco-floor-one-s9-artist-0,tineco-floor-one-s9-artist,https://de-store.tineco.com/cdn/shop/files/10fb289cbb5cb43e018bff46aaf031ae.png?v=1763014902&width=1500,https://de-store.tineco.com/products/tineco-floor-one-s9-artist-nass-und-trockensauger,Tineco,VERIFIED_EXACT,2026-08-27,src-img-rest-tineco-floor-one-s9-artist
cimg-miele-triflex-hx2-catdog-0,miele-triflex-hx2-catdog,https://media.miele.com/images/2000019/200001952/20000195273.png,https://www.miele.nl/product/11806000/snoerloze-steelstofzuiger-triflex-hx2-cat-en-dog-obsidiaanzwart,Miele,VERIFIED_EXACT,2026-08-27,src-img-rest-miele-triflex-hx2-catdog
cimg-bosch-unlimited7-prohygienic-0,bosch-unlimited7-prohygienic,https://media3.bsh-group.com/Product_Shots/5120x/20498400_BCS71HYG1_STP_def.webp,https://www.bosch-home.nl/nl/category/stofzuigers/oplaadbare-stofzuigers/unlimited,Bosch,VERIFIED_EXACT,2026-08-27,src-img-rest-bosch-unlimited7-prohygienic
cimg-electrolux-ergorapido-erg25n-0,electrolux-ergorapido-erg25n,https://electrolux.vtexassets.com/arquivos/ids/213276-1000-1000?v=637711273109500000&width=1000&height=1000&aspect=true&format=auto,https://loja.electrolux.com.br/aspirador-de-po-vertical-18v-ergorapido-electrolux-sem-fio-2-em-1-luz-led-ate-35-min--erg25n-/p,Electrolux,VERIFIED_EXACT,2026-08-27,src-img-rest-electrolux-ergorapido-erg25n
cimg-tefal-sv9202-0,tefal-sv9202,https://twicpics.tefal.nl/https://dam.groupeseb.com/asset/2ff3afa5-b4f2-4bbf-82f3-e0053324f1bf/Digital/TF_SV9202E0_A_blue.png?timestamp=20260320134952,https://www.tefal.nl/p/express-protect-sv9202-stoomgenerator/1830007760,Tefal,VERIFIED_EXACT,2026-08-27,src-img-rest-tefal-sv9202
cimg-tefal-gv9567-0,tefal-gv9567,https://twicpics.tefal.nl/https://dam.groupeseb.com/m/56d0b18f098647ee/Medium-Tefal_GV9567E1_1830007393_H1.png?timestamp=20260115020513,https://www.tefal.nl/p/pro-express-ultimate-gv9567-stoomgenerator/1830007393,Tefal,VERIFIED_EXACT,2026-08-27,src-img-rest-tefal-gv9567
cimg-tefal-gv9810-0,tefal-gv9810,https://twicpics.tefal.nl/https://dam.groupeseb.com/m/cf04de6804cf724/Digital-TF_GV9810_A_PURPLE-WHITE.png?timestamp=20260123073335,https://www.tefal.nl/p/pro-express-vision-gv9810-stoomgenerator/1830008264,Tefal,VERIFIED_EXACT,2026-08-27,src-img-rest-tefal-gv9810
cimg-braun-carestyle5-0,braun-carestyle5,https://dam.delonghi.com/902x902/assets/283243,https://www.braunhousehold.com/de-de/p/carestyle-5-carestyle-5-dampfbugelstation-is-5249-bk-schwarz/IS5249BK.html?pid=0128809002,Braun,VERIFIED_EXACT,2026-08-27,src-img-rest-braun-carestyle5
cimg-braun-carestyle7pro-0,braun-carestyle7pro,https://dam.delonghi.com/902x902/assets/245132,https://www.braunhousehold.com/de-de/p/carestyle-7-pro-carestyle-7-pro-dampfbugelstation-is-7286-schwarz/IS7286BK.html?pid=0128805002,Braun,VERIFIED_EXACT,2026-08-27,src-img-rest-braun-carestyle7pro
cimg-steamone-george2-0,steamone-george2,https://steam-one.com/cdn/shop/files/GEORGE2-Complet.jpg?v=1750148627&width=416,https://steam-one.com/en/products/george-2-eues200bv2-steamer,Steamone,VERIFIED_EXACT,2026-08-27,src-img-rest-steamone-george2
cimg-petsafe-smart-feed-0,petsafe-smart-feed,https://cdn.shopify.com/s/files/1/0468/3959/5171/products/smartfeedpdp_4c6404c3-13f2-4cb7-9051-1e730522fb43.jpg?v=1601375189&width=600,https://www.petsafe.com/gb/p/smart-feed-automatic-dog-and-cat-feeder/PFD19-16861/,PetSafe,VERIFIED_EXACT,2026-08-27,src-img-rest-petsafe-smart-feed
cimg-surefeed-microchip-connect-0,surefeed-microchip-connect,https://www.surepetcare.com/media/products/117/Feeder_Connect_No_Text.png,https://www.surepetcare.com/en-gb/pet-feeder/microchip-pet-feeder-connect,Sure Petcare,VERIFIED_EXACT,2026-08-27,src-img-rest-surefeed-microchip-connect
cimg-petlibro-granary-smart-camera-0,petlibro-granary-smart-camera,https://uk.petlibro.com/cdn/shop/files/PDP-01-_Compressify.io.png?v=1764926411,https://uk.petlibro.com/products/petlibro-granary-automatic-pet-feeder-with-camera,PETLIBRO,VERIFIED_EXACT,2026-08-27,src-img-rest-petlibro-granary-smart-camera
cimg-surepetcare-felaqua-connect-0,surepetcare-felaqua-connect,https://media.surepetcare.com/website/images/felaqua/Felaqua_EN_500x512.png,https://www.surepetcare.com/en-gb/felaqua-connect,Sure Petcare,VERIFIED_EXACT,2026-08-27,src-img-rest-surepetcare-felaqua-connect
cimg-catit-pixi-fountain-0,catit-pixi-fountain,https://catit.co.uk/cdn/shop/files/43716-Catit-PIXI-Fountain-Pink-Panel-Image-1.jpg?v=1776347649&width=1946,https://catit.co.uk/products/catit-pixi-fountain-4-colour-options,Catit,VERIFIED_EXACT,2026-08-27,src-img-rest-catit-pixi-fountain
cimg-ring-doorbell-plus-2ndgen-0,ring-doorbell-plus-2ndgen,https://images.ctfassets.net/2xsswpd01u70/55Q21pOpg4MWNIKT4il0vA/18fbb90e047d9b9358dcd36b8eda5a08/1_Slate_Moonlight_Front.jpg,https://ring.com/eu/en/products/battery-doorbell-plus-2nd-gen,Ring,VERIFIED_EXACT,2026-08-27,src-img-rest-ring-doorbell-plus-2ndgen
cimg-eufy-doorbell-e340-0,eufy-doorbell-e340,https://cdn.shopify.com/s/files/1/0504/7094/4954/files/T8214.png?v=1755066896&width=1920,https://www.eufy.com/products/t8214111,eufy,VERIFIED_EXACT,2026-08-27,src-img-rest-eufy-doorbell-e340
cimg-eufy-indoor-cam-c220-0,eufy-indoor-cam-c220,https://cdn.shopify.com/s/files/1/0555/1167/9128/files/Tw811c_ID_KVAngle.png?v=1714267459&width=1920,https://www.eufy.com/eu-en/products/t8w11321,eufy,VERIFIED_EXACT,2026-08-27,src-img-rest-eufy-indoor-cam-c220
cimg-ezviz-db1c-0,ezviz-db1c,https://mfs.ezvizlife.com/61a679999f9d5f2d1b94eae9504de1b1.jpg,https://www.ezviz.com/us/product/db1c/16996,EZVIZ,VERIFIED_EXACT,2026-08-27,src-img-rest-ezviz-db1c
cimg-ecovacs-goat-a3000-0,ecovacs-goat-a3000,"https://site-static.ecovacs.com/upload/nl/image/product/2026/02/13/070644_7287$id-goat-a3000-lidar-pro-920x920-1.png?x-oss-process=image/format,webp",https://www.ecovacs.com/nl/shop/goat-robotic-lawn-mower/goat-a3000-lidar-pro,Ecovacs,VERIFIED_EXACT,2026-08-27,src-img-rest-ecovacs-goat-a3000
cimg-worx-landroid-m-0,worx-landroid-m,"https://www.worx.com/media/catalog/product/w/r/wr147-carousel-image-newest-1.jpg?quality=80&bg-color=255,255,255&fit=bounds&height=780&width=780&canvas=780:780",https://www.worx.com/landroid-m-1-4-acre-20v-cordless-robotic-lawn-mower-wr147.html,Worx,VERIFIED_EXACT,2026-08-27,src-img-rest-worx-landroid-m
cimg-britania-humidifier-bud05b-0,britania-humidifier-bud05b,https://philco.vtexassets.com/arquivos/ids/272788-800-800?v=638995877288430000&width=800&height=800&aspect=true,https://www.britania.com.br/umidificador-britania-bud05b-24l/p,Britânia,VERIFIED_EXACT,2026-08-27,src-img-rest-britania-humidifier-bud05b
cimg-cadence-fan-vtr420-0,cadence-fan-vtr420,https://jcsbrasil.vteximg.com.br/arquivos/ids/238308-1000-1000/VTR420.1.jpg?v=639060030194870000,https://www.cadence.com.br/ventilador-cadence-refresh-turbo-pro/p,Cadence,VERIFIED_EXACT,2026-08-27,src-img-rest-cadence-fan-vtr420
