image_id,product_id,image_type,verification_status,source_page,asset_url,local_path,sha256,width,height,format,retrieved_at
img-preethi-001,preethi-mg-zodiac-mg218,HERO_FRONT,EXACT_VERIFIED,https://www.shop.preethi.in/products/preethi-zodiac-mg218,https://www.shop.preethi.in/cdn/shop/files/1_58dbf82d-3382-4f78-b552-bd94bdd9ba8a.jpg?v=1753438995,,,,,jpg,2026-08-26
img-preethi-002,preethi-gs-glamsteel-3b,HERO_FRONT,EXACT_VERIFIED,https://www.shop.preethi.in/products/preethi-glamsteel-3-burner-stainless-steel-gas-stove-manual-ignition-isi-certified-lifelong-free-service,https://www.shop.preethi.in/cdn/shop/files/00_4f2bfe54-86c5-4634-881b-e7f3f3f89050.png?v=1785841083,,,,,png,2026-08-26
img-preethi-003,preethi-cw-kadai26,HERO_FRONT,EXACT_VERIFIED,https://www.shop.preethi.in/products/preethi-dura-collection-non-stick-kadai-26-cm-with-glass-lid-gas-induction-compatible-5-star-non-stick-effect-chilly-red-8901225360332,https://www.shop.preethi.in/cdn/shop/files/8901225360332.png?v=1746783385,,,,,png,2026-08-26
img-preethi-004,preethi-ic-ic125,HERO_FRONT,EXACT_VERIFIED,https://www.shop.preethi.in/products/preethi-indicook-ic125-2100-watt-induction-cooktop-feather-touch-operation-with-crystal-glass-black-8901225061253,https://www.shop.preethi.in/cdn/shop/files/8901225061253_1.jpg?v=1746783365,,,,,jpg,2026-08-26
img-preethi-005,preethi-ch-kh311,HERO_FRONT,EXACT_VERIFIED,https://www.shop.preethi.in/products/preethi-chimney-auto-clean-wall-mounted-alcor-with-aluminium-duct-black-1350-90-cm-motion-sensor-operation-lifelong-free-service-kh311,https://www.shop.preethi.in/cdn/shop/files/kh311copy_0356d9c2-7e66-4d69-b0de-d93a1a523c8c.jpg?v=1787042877,,,,,jpg,2026-08-26
img-preethi-006,preethi-pc-pc024,HERO_FRONT,EXACT_VERIFIED,https://www.shop.preethi.in/products/preethi-induction-base-outer-lid-aluminium-pressure-cooker-5-litres-spill-splash-shield-pc-024-8901225220247,https://www.shop.preethi.in/cdn/shop/files/PC005_1.png?v=1746783403,,,,,png,2026-08-26
img-6ff12425a803,philips-air-ac0651-10,HERO_FRONT,EXACT_VERIFIED,https://www.home-appliances.philips/gb/en/p/AC0651_10,https://dam.versuni.com/transform/webp1024x1024/30ee83e7-debd-48bc-927f-1d8de0f22bb3/AC0651_RFT_Retail_RGB-jpg.webp,,,,,webp,2026-08-26
img-5f06fcff683d,philips-air-ac0920-10,HERO_FRONT,EXACT_VERIFIED,https://www.home-appliances.philips/gb/en/p/AC0920_10,https://dam.versuni.com/transform/webp1024x1024/c16a7ca8-6b1e-4a44-a097-f78b0c5ca712/CC_2024_AC0920_10_RFT_Fullframe-tif.webp,,,,,webp,2026-08-26
img-82f40940ddb2,philips-air-ac0951-13,HERO_FRONT,EXACT_VERIFIED,https://www.home-appliances.philips/gb/en/p/AC0951_13,https://dam.versuni.com/transform/webp1024x1024/ec436267-1c44-4c3e-b61b-01f52a030d20/CC_2024_AC0951_13_RFT_Fullframe-tif.webp,,,,,webp,2026-08-26
img-d57e89460f9d,philips-air-ac1715-41,HERO_FRONT,EXACT_VERIFIED,https://www.usa.philips.com/c-p/AC1715_41/1000i-series-air-purifier-for-medium-rooms,https://images.philips.com/is/image/philipsconsumer/vrs_bbc9e859_8763_489a_9ff9670543709a17?$png$&wid=410&hei=410&fit=constrain,,,,,png,2026-08-26
img-a46b44e44456,philips-air-ac2220-10,PRODUCT_IN_CONTEXT,EXACT_VERIFIED,https://www.home-appliances.philips/gb/en/p/AC2220_10,https://dam.versuni.com/transform/webp1024x1024/af8ba124-649f-460d-93bd-16e1c4e59333/CC_2025_AC2220_10_Product-with-phone_1x1-tif.webp,,,,,webp,2026-08-26
img-5ee3fd0cb61b,philips-air-ac3220-10,HERO_FRONT,EXACT_VERIFIED,https://www.home-appliances.philips/gb/en/p/AC3220_10,https://dam.versuni.com/transform/webp1024x1024/40c85bc1-49cb-4ef3-8b1b-dd4b4e93bc76/CC_2024_AC3220_10_F_02_1x1-tif.webp,,,,,webp,2026-08-26
img-e3bbbca2f735,philips-air-ac3420-10,HERO_FRONT,EXACT_VERIFIED,https://www.home-appliances.philips/gb/en/p/AC3420_10,https://dam.versuni.com/transform/webp1024x1024/3a83f7c9-4507-48c6-b848-4886f2f2eedf/CC_2024_AC3420_10_F_02_1x1-tif.webp,,,,,webp,2026-08-26
img-e975e1dba5f2,philips-air-amf870-35,HERO_FRONT,FAMILY_VERIFIED,https://www.home-appliances.philips/gb/en/p/AMF870_35,https://dam.versuni.com/transform/webp1024x1024/2cbe3b2c-d80d-48c5-b37e-cd4d19818a7d/AMF870_15_RFT_Retail_RGB-jpg.webp,,,,,webp,2026-08-26
img-be10fe4764b4,philips-cf-bar305-00,HERO_FRONT,EXACT_VERIFIED,https://www.usa.philips.com/c-p/BAR305_00/baristina-espresso-machine,https://images.philips.com/is/image/philipsconsumer/vrs_2aa31d94_4c87_477f_9aecc26cf9e72dfe?$png$&wid=410&hei=410&fit=constrain,,,,,png,2026-08-26
img-ca31f3961389,philips-cf-psa3218-01,HERO_FRONT,EXACT_VERIFIED,https://www.usa.philips.com/c-p/PSA3218_01/philips-barista-brew-semi-automatic-espresso-machine,https://images.philips.com/is/image/philipsconsumer/vrs_65d3e4d8_a0a7_42b9_87ca4db9c6fca9be?$png$&wid=410&hei=410&fit=constrain,,,,,png,2026-08-26
img-ef01b146a3fa,philips-cf-ep3347-90,HERO_FRONT,EXACT_VERIFIED,https://www.usa.philips.com/c-p/EP3347_90/series-3300-fully-automatic-espresso-machine/overview,https://images.philips.com/is/image/philipsconsumer/vrs_1313e87c_d6cb_4813_8d1913c3dd771a9e?$png$&wid=410&hei=410&fit=constrain,,,,,png,2026-08-26
img-5ac32ab0773e,philips-cf-ep8757-20,HERO_FRONT,EXACT_VERIFIED,https://www.usa.philips.com/c-p/EP8757_20/philips-cafe-aromis-8000-series,https://images.philips.com/is/image/philipsconsumer/vrs_2fe08e97_c13c_4016_afb50c12e7a9bd39?$png$&wid=410&hei=410&fit=constrain,,,,,png,2026-08-26
img-84017cb09bcb,lor-barista-cf-lm8018,HERO_FRONT,EXACT_VERIFIED,https://www.philips.com/c-p/LM8018_90R1/lor-barista-capsule-coffee-machine,https://images.philips.com/is/image/philipsconsumer/e3b49a21695d43d8b0acad1e013c8787?wid=700&hei=700&$pnglarge$,,,,,png,2026-08-26
img-75cc1155ee96,saeco-cf-xelsis-suprema-sm8889,HERO_FRONT,FAMILY_VERIFIED,https://saeco.com/xelsis/xelsis-suprema/,https://media.graphassets.com/resize=w:1920/quality=value:50/auto_image/FNdWh4DSd63WSkIUIQSw,,,,,jpg,2026-08-26
img-98a32bd9180f,philips-hs-hsp5300-01,HERO_FRONT,EXACT_VERIFIED,https://www.home-appliances.philips/sg/en/p/HSP5300_01,https://dam.versuni.com/transform/webp1024x1024/2b8f1361-088e-4bae-a2e2-6893eb808728/HSP5300_doorbell-on-white-F_award_light_1x1.webp,,,,,webp,2026-08-26
img-8feb6a2a5815,philips-hs-hsp5500-02,HERO_FRONT,EXACT_VERIFIED,https://www.philips.co.in/c-p/HSP5500_02/home-safety-indoor-360degree-camera-with-privacy-shutter,https://images.philips.com/is/image/philipsconsumer/vrs_c7347195_bcfe_442d_b7cc2c4f960a8e3d?$png$&wid=410&hei=410&fit=constrain,,,,,png,2026-08-26
img-cb0ec07b3cd3,philips-pet-paw5320-02,HERO_FRONT,EXACT_VERIFIED,https://www.home-appliances.philips/gb/en/p/PAW5320_02,https://dam.versuni.com/transform/webp1024x1024/4754c4f9-9b34-40ab-83a8-6743bb215746/Pet-Series_2024_PAW5320_D1-PIM_1x1.webp,,,,,webp,2026-08-26
img-acd5cafc61fb,philips-pet-paw3210-02,HERO_FRONT,EXACT_VERIFIED,https://www.home-appliances.philips/gb/en/p/PAW3210_02,https://dam.versuni.com/transform/webp1024x1024/bc788af0-c5eb-4bd9-98ca-6fc72bea6a68/Pet-Series_2024_PAW3210_D4_RedDot_PIM_16-9.webp,,,,,webp,2026-08-26
img-54fd53c1399b,philips-garden-rsl3000-10,MARKETING_GRAPHIC,EXACT_VERIFIED,https://www.home-appliances.philips/fr/fr/p/RSL3000_10,https://dam.versuni.com/transform/webp1024x1024/9609b7e7-efb3-470a-8937-93b80a58fcb0/GS_2024_RSL3000_10_product-RFT-app_1x1_English-United-States-global.webp,,,,,webp,2026-08-26
img-d2d6e8e1757e,walita-af-na150-00,ANGLE,EXACT_VERIFIED,https://www.walita.com.br/fritadeira-airfryer-serie-1000-duplo-cesto-7-1l-philips-walita-na150-na150-00/p,https://walitastore.vtexassets.com/arquivos/ids/162146/NA150_2.png.png?v=638793654270700000,,,,,png,2026-08-26
img-0b01562d8105,walita-af-ri9270-90,HERO_FRONT,EXACT_VERIFIED,https://www.walita.com.br/fritadeira-airfryer-essential-xl-digital-philips-walita-preta-2000w---ri9270-ri9270-90-preto/p,https://walitastore.vtexassets.com/arquivos/ids/160654/RI9270_1.png?v=638754803027430000,,,,,png,2026-08-26
img-c5fedbe9f32a,walita-cf-ep4441-53,HERO_FRONT,EXACT_VERIFIED,https://www.walita.com.br/compre-cafeteira-superautomatica-lattego-serie-4400-ganhe-fritadeira-airfryer-serie-3000--/p,https://walitastore.vtexassets.com/arquivos/ids/161619/EP4441_20__1.png.png?v=638748768305870000,,,,,png,2026-08-26
img-9c7db4b09093,walita-fp-hr7304-90,FAMILY_GROUP,EXACT_VERIFIED,https://www.walita.com.br/multiprocessador-powerchop-1000-philips-walita-preto-1000w---6-acessorios-inclusos---hr7304/p,https://walitastore.vtexassets.com/arquivos/ids/160362/HR7304_Frente_1.png?v=638962420587570000,,,,,png,2026-08-26
img-7f97f835d87d,walita-vac-xc2011-01,HERO_FRONT,EXACT_VERIFIED,https://www.walita.com.br/aspirador-de-po-vertical-serie-2000-philips-21-6v-xc2011-xc2011-01/p,https://walitastore.vtexassets.com/arquivos/ids/161825/XC2011_1.png.png?v=638774072164930000,,,,,png,2026-08-26
img-87e4d5e9d7ed,walita-hum-hu1510-04,HERO_FRONT,EXACT_VERIFIED,https://www.walita.com.br/umidificador-de-ar-serie-1000-philips-bivolt-hu1510-04/p,https://walitastore.vtexassets.com/arquivos/ids/162648/HU1510_1.png?v=638926827382270000,,,,,png,2026-08-26
img-313a3274f792,philips-air-ac1715-10-br,HERO_FRONT,EXACT_VERIFIED,https://www.philips.com.br/c-p/AC1715_10/purificador-de-ar-serie-1000i,https://images.philips.com/is/image/philipsconsumer/vrs_a9c41ca1_7694_4947_b4d0cfe0b7cfc3a9?$png$&wid=1200&hei=630,,,,,png,2026-08-26
img-c03f1f5ea61e,philips-af-na555-00,HERO_FRONT,EXACT_VERIFIED,https://www.usa.philips.com/c-p/NA555_00/5000-series,https://dam.versuni.com/transform/webp1024x1024/3cd937ed-07de-4769-8471-88ae2cf00a86/KA_2024_NA555_00_F_1x1-tif.webp,,,,,webp,2026-08-26
img-3dfc5a138c3b,philips-af-hd9880-90,HERO_FRONT,EXACT_VERIFIED,https://www.home-appliances.philips/sg/en/p/HD9880_90,https://dam.versuni.com/transform/webp1024x1024/333e0b53-29d7-427a-b810-619aef3bcb56/Primary-HD9880_90.webp,,,,,webp,2026-08-26
img-8a537ba0733a,philips-ck-hd3095-87,HERO_FRONT,EXACT_VERIFIED,https://www.usa.philips.com/c-p/HD3095_87/avance-collection-multicooker,https://images.philips.com/is/image/philipsconsumer/vrs_8dbac2d4_71fa_484c_81f4f329b55aacd4?$png$&wid=410&hei=410&fit=constrain,,,,,png,2026-08-26
img-f7311ba0a78d,philips-bl-hr2767-00,HERO_FRONT,EXACT_VERIFIED,https://www.philips.com.bh/c-p/HR2767_00/5000-series-blender,https://images.philips.com/is/image/philipsconsumer/vrs_d4c250ae_cb4f_40cb_aa247e024e62191d?wid=700&hei=700&$pnglarge$,,,,,png,2026-08-26
img-ea2fadb5cced,philips-jc-hr1855-70r1,HERO_FRONT,EXACT_VERIFIED,https://www.home-appliances.philips/gb/en/p/HR1855_70R1,https://dam.versuni.com/transform/webp1024x1024/0d1ba2d7-1c4f-4ac2-82d1-59b76ad1cb0f/Standard-Product-Photo-Philips-Viva-Collection-Juicer-HR1855_70.webp,,,,,webp,2026-08-26
img-a3d9c904662a,philips-bf-hd2383-22,HERO_FRONT,EXACT_VERIFIED,https://www.philips.com/c-p/HD2383_22/sandwich-maker,https://images.philips.com/is/image/philipsconsumer/1ba22abfc0fa4cd3a2d1ad28017035dd?wid=700&hei=700&$pnglarge$,,,,,png,2026-08-26
img-e7b156ff7af5,philips-bf-hd9365-10,UNREADABLE,EXACT_VERIFIED,https://www.philips.com/c-p/HD9365_10/eco-conscious-edition-5000-series-kettle,https://images.philips.com/is/image/philipsconsumer/921b4402a8e447718d61ad80008ce2ef?wid=700&hei=700&$pnglarge$,,,,,png,2026-08-26
img-cabd3106e48e,philips-fc-xu7100-01,HERO_FRONT,EXACT_VERIFIED,https://www.home-appliances.philips/gb/en/p/XU7100_01,https://dam.versuni.com/transform/webp1024x1024/d20aa63e-8565-4143-aff3-91ce7fc17d86/RFT2_XU7100_01_1x1-tif.webp,,,,,webp,2026-08-26
img-338fd0b1c4ec,philips-fc-xw9383-01,FAMILY_GROUP,EXACT_VERIFIED,https://www.home-appliances.philips/gb/en/p/XW9383_01,https://dam.versuni.com/transform/webp1024x1024/cc6a564b-50b0-4b32-915f-215c0ccae5eb/F-XW9383_01_02_03_82.webp,,,,,webp,2026-08-26
img-a1e613d54064,philips-fc-fc9729-09,FAMILY_GROUP,EXACT_VERIFIED,https://www.home-appliances.philips/gb/en/p/FC9729_09,https://dam.versuni.com/transform/webp1024x1024/f6da2ed0-e975-449e-8a3f-313d633aa25c/FC_2024_FC9729_09_PAP_1x1-tif.webp,,,,,webp,2026-08-26
img-93cb7757b787,philips-gc-gc215-20,FAMILY_GROUP,EXACT_VERIFIED,https://www.philips.co.uk/c-p/GC215_20/philips-oneturn-handheld-steamers,https://images.philips.com/is/image/philipsconsumer/vrs_307e1d0b_f28d_4862_a151516460307c56?$png$&wid=410&hei=410&fit=constrain,,,,,png,2026-08-26
img-3db1ff95d79b,philips-gc-gc9650-80,SIDE_BACK,FAMILY_VERIFIED,https://www.home-appliances.philips/gb/en/p/GC9650_80,https://dam.versuni.com/transform/webp1024x1024/e1f75230-2773-438f-be5b-7c1e093b2f31/Standard-Product-Photo-Philips-PerfectCare-Elite-Steam-generator-iron.webp,,,,,webp,2026-08-26
img-6545d7b04666,philips-gc-gc628-86,HERO_FRONT,EXACT_VERIFIED,https://www.philips.com/c-p/GC628_86/8000-series-garment-steamer,https://images.philips.com/is/image/philipsconsumer/79563a295f014adb956ead91007de4fd?wid=700&hei=700&$pnglarge$,,,,,png,2026-08-26
img-2f11c001c3c2,philips-af-na110-00,HERO_FRONT,EXACT_VERIFIED,https://www.usa.philips.com/c-p/NA110_00/1000-series-airfryer-1000-series-32l,https://images.philips.com/is/image/philipsconsumer/vrs_07ad22d3_a356_496f_bfa3d8fdea766eba?$png$&wid=410&hei=410&fit=constrain,,,,,png,2026-08-26
img-31c2947b6ee4,philips-af-na110-00,PRODUCT_IN_CONTEXT,EXACT_VERIFIED,https://www.usa.philips.com/c-p/NA110_00/1000-series-airfryer-1000-series-32l,https://images.philips.com/is/image/philipsconsumer/vrs_8130925d_e00c_406d_b650215b17897960?$png$&wid=410&hei=410&fit=constrain,,,,,png,2026-08-26
img-66c4bde81417,philips-af-na110-00,ANGLE,EXACT_VERIFIED,https://www.usa.philips.com/c-p/NA110_00/1000-series-airfryer-1000-series-32l,https://images.philips.com/is/image/philipsconsumer/vrs_4366bdb3_bd12_4ee5_9bb00ef9e2f38b4f?$png$&wid=410&hei=410&fit=constrain,,,,,png,2026-08-26
img-ceab6fe4317b,philips-af-na110-00,ANGLE,EXACT_VERIFIED,https://www.usa.philips.com/c-p/NA110_00/1000-series-airfryer-1000-series-32l,https://images.philips.com/is/image/philipsconsumer/vrs_d4b1311a_fe36_4dbb_a9f4655592fe46e9?$png$&wid=410&hei=410&fit=constrain,,,,,png,2026-08-26
img-ad3165dc7d6d,philips-af-na110-00,MARKETING_GRAPHIC,EXACT_VERIFIED,https://www.usa.philips.com/c-p/NA110_00/1000-series-airfryer-1000-series-32l,https://images.philips.com/is/image/philipsconsumer/vrs_86093767_6dfc_4b77_98e8e33c65e17967?$png$&wid=400,,,,,png,2026-08-26
img-5d9d62f4395b,philips-af-na220-00,HERO_FRONT,EXACT_VERIFIED,https://www.usa.philips.com/c-p/NA220_00/2000-series-airfryer-2000-series-44qt,https://images.philips.com/is/image/philipsconsumer/vrs_fd91ce38_a30d_4a89_8194363b1500381b?$png$&wid=410&hei=410&fit=constrain,,,,,png,2026-08-26
img-9eda35553aee,philips-af-na220-00,PRODUCT_IN_CONTEXT,EXACT_VERIFIED,https://www.usa.philips.com/c-p/NA220_00/2000-series-airfryer-2000-series-44qt,https://images.philips.com/is/image/philipsconsumer/vrs_0f1b8c7a_bde6_44a1_846a60b19c85f1f6?$png$&wid=410&hei=410&fit=constrain,,,,,png,2026-08-26
img-4a0627ba0549,philips-af-na220-00,ANGLE,EXACT_VERIFIED,https://www.usa.philips.com/c-p/NA220_00/2000-series-airfryer-2000-series-44qt,https://images.philips.com/is/image/philipsconsumer/vrs_4e743660_02a8_49c8_85963ae01db81a0d?$png$&wid=410&hei=410&fit=constrain,,,,,png,2026-08-26
img-755b55498070,philips-af-na220-00,ANGLE,EXACT_VERIFIED,https://www.usa.philips.com/c-p/NA220_00/2000-series-airfryer-2000-series-44qt,https://images.philips.com/is/image/philipsconsumer/vrs_ab35b705_911c_4bdc_820de3dfb1a5fc13?$png$&wid=410&hei=410&fit=constrain,,,,,png,2026-08-26
img-421c436ba217,philips-af-na220-00,MARKETING_GRAPHIC,EXACT_VERIFIED,https://www.usa.philips.com/c-p/NA220_00/2000-series-airfryer-2000-series-44qt,https://images.philips.com/is/image/philipsconsumer/vrs_704f2758_f4e5_49db_b9e30f40ea746add?$png$&wid=400,,,,,png,2026-08-26
img-635024325c62,philips-af-na352-00,PRODUCT_IN_CONTEXT,EXACT_VERIFIED,https://www.home-appliances.philips/gb/en/p/NA352_00,https://dam.versuni.com/transform/webp150x150/2a0f59d2-67ee-46c5-8357-718b04212e75/FIM_NA352_10_NAM_16x9.webp,,,,,webp,2026-08-26
img-fd63da786ff0,philips-af-na352-00,ANGLE,EXACT_VERIFIED,https://www.home-appliances.philips/gb/en/p/NA352_00,https://dam.versuni.com/transform/webp150x150/9bc2c19d-aed7-4840-9324-ad26c7fabe83/F-NA352_00_16x9.webp,,,,,webp,2026-08-26
img-e597248d388b,philips-af-na352-00,ANGLE,EXACT_VERIFIED,https://www.home-appliances.philips/gb/en/p/NA352_00,https://dam.versuni.com/transform/webp150x150/52aa01c9-ca5f-45db-8c4d-a6b7dea0edbc/A1_NA352_10_NAM_16x9.webp,,,,,webp,2026-08-26
img-b5377f0892fe,philips-af-na352-00,ANGLE,EXACT_VERIFIED,https://www.home-appliances.philips/gb/en/p/NA352_00,https://dam.versuni.com/transform/webp150x150/63b1296e-7a39-4ad1-b996-d63f67ad64d7/APS_NA352_10_NAM_16x9.webp,,,,,webp,2026-08-26
img-83480430fbc7,philips-af-na555-00,PRODUCT_IN_CONTEXT,EXACT_VERIFIED,https://www.usa.philips.com/c-p/NA555_00/5000-series,https://images.philips.com/is/image/philipsconsumer/vrs_42eee94e_458c_4901_8a2951a4df78add6?$png$&wid=410&hei=410&fit=constrain,,,,,png,2026-08-26
img-fa09ccf821b7,philips-af-na555-00,ANGLE,EXACT_VERIFIED,https://www.usa.philips.com/c-p/NA555_00/5000-series,https://images.philips.com/is/image/philipsconsumer/vrs_e1654818_90d0_4f4f_843cde94792af236?$png$&wid=410&hei=410&fit=constrain,,,,,png,2026-08-26
img-8bdd5143ac0b,philips-af-na555-00,MARKETING_GRAPHIC,EXACT_VERIFIED,https://www.usa.philips.com/c-p/NA555_00/5000-series,https://images.philips.com/is/image/philipsconsumer/vrs_8deb7270_3083_444e_af6adabf031faaf3?$png$&wid=400,,,,,png,2026-08-26
img-15d03c7f55ae,philips-af-hd9880-90,ANGLE,EXACT_VERIFIED,https://www.home-appliances.philips/sg/en/p/HD9880_90,https://dam.versuni.com/transform/webp150x150/7fe92ed2-f2e1-4d36-b652-c043a1ecdee6/A1-HD9880_90.webp,,,,,webp,2026-08-26
img-f6959a40fffb,philips-af-hd9880-90,MARKETING_GRAPHIC,EXACT_VERIFIED,https://www.home-appliances.philips/sg/en/p/HD9880_90,https://dam.versuni.com/transform/webp150x150/c2194dc4-528b-4f49-97e8-c1fa45ff6492/T1-HD9880_90.webp,,,,,webp,2026-08-26
img-342d8c5fae67,philips-af-hd9880-90,PRODUCT_IN_CONTEXT,EXACT_VERIFIED,https://www.home-appliances.philips/sg/en/p/HD9880_90,https://dam.versuni.com/transform/webp150x150/0a07bd98-3d3d-4fbd-95d1-202001650c0c/HD9880_Cooking_InUse_1x1-jpg.webp,,,,,webp,2026-08-26
img-cea4840311a8,philips-af-hd9880-90,DETAIL_CONTROL,EXACT_VERIFIED,https://www.home-appliances.philips/sg/en/p/HD9880_90,https://dam.versuni.com/transform/webp150x150/50779ac1-1811-4015-b843-26873080450d/D1-HD9880_90.webp,,,,,webp,2026-08-26
img-ff3202b51f0d,philips-ck-hd3095-87,PRODUCT_IN_CONTEXT,EXACT_VERIFIED,https://www.usa.philips.com/c-p/HD3095_87/avance-collection-multicooker,https://images.philips.com/is/image/philipsconsumer/vrs_958e5412_0809_4761_8c9103d48673c333?$png$&wid=410&hei=410&fit=constrain,,,,,png,2026-08-26
img-61464b582091,philips-ck-hd3095-87,DETAIL_CONTROL,EXACT_VERIFIED,https://www.usa.philips.com/c-p/HD3095_87/avance-collection-multicooker,https://images.philips.com/is/image/philipsconsumer/vrs_865d3f61_f01a_4907_b54a5d7e2e61038e?$png$&wid=410&hei=410&fit=constrain,,,,,png,2026-08-26
img-523512c0fb25,philips-ck-hd3095-87,DETAIL_CONTROL,EXACT_VERIFIED,https://www.usa.philips.com/c-p/HD3095_87/avance-collection-multicooker,https://images.philips.com/is/image/philipsconsumer/vrs_0c5c1733_f60f_4313_858f66a874f5518a?$png$&wid=410&hei=410&fit=constrain,,,,,png,2026-08-26
img-f9624a7b8dde,philips-ck-hd3095-87,DETAIL_CONTROL,EXACT_VERIFIED,https://www.usa.philips.com/c-p/HD3095_87/avance-collection-multicooker,https://images.philips.com/is/image/philipsconsumer/vrs_7d521464_1343_4e22_921516fc97992ec3?$png$&wid=400,,,,,png,2026-08-26
img-630fb4e56d31,philips-bl-hr2767-00,PRODUCT_IN_CONTEXT,EXACT_VERIFIED,https://www.philips.com.bh/c-p/HR2767_00/5000-series-blender,https://images.philips.com/is/image/philipsconsumer/vrs_4760b289_686f_4aba_8ff517d012b40944?wid=610&hei=346&$jpglarge$,,,,,jpg,2026-08-26
img-ffac7c6ef460,philips-bl-hr2767-00,MARKETING_GRAPHIC,EXACT_VERIFIED,https://www.philips.com.bh/c-p/HR2767_00/5000-series-blender,https://images.philips.com/is/image/philipsconsumer/vrs_048d6000_f78f_449e_9367fd6ecbfd1bec?wid=610&hei=346&$jpglarge$,,,,,jpg,2026-08-26
img-fb1c947235ed,philips-bl-hr2767-00,MARKETING_GRAPHIC,EXACT_VERIFIED,https://www.philips.com.bh/c-p/HR2767_00/5000-series-blender,https://images.philips.com/is/image/philipsconsumer/vrs_2c1ed622_b2f6_4103_9428b64d51012a7b?wid=610&hei=346&$jpglarge$,,,,,jpg,2026-08-26
img-049aeca7db39,philips-bl-hr2767-00,MARKETING_GRAPHIC,EXACT_VERIFIED,https://www.philips.com.bh/c-p/HR2767_00/5000-series-blender,https://images.philips.com/is/image/philipsconsumer/vrs_9aac4bba_fae0_45d9_a3f6f84309e28e0f?wid=610&hei=346&$jpglarge$,,,,,jpg,2026-08-26
img-eddcea62c00f,philips-bf-hd2383-22,DETAIL_CONTROL,EXACT_VERIFIED,https://www.philips.com/c-p/HD2383_22/sandwich-maker,https://images.philips.com/is/image/philipsconsumer/09e48476a637494da2f5ad16015b515e?wid=610&hei=346&$jpglarge$,,,,,jpg,2026-08-26
img-28ed4ffacf16,philips-bf-hd2383-22,MARKETING_GRAPHIC,EXACT_VERIFIED,https://www.philips.com/c-p/HD2383_22/sandwich-maker,https://images.philips.com/is/image/philipsconsumer/5dc1bb2f0d674a5cb9a5ad1600e9bf75?wid=610&hei=346&$jpglarge$,,,,,jpg,2026-08-26
img-a996e1a46bac,philips-bf-hd2383-22,MARKETING_GRAPHIC,EXACT_VERIFIED,https://www.philips.com/c-p/HD2383_22/sandwich-maker,https://images.philips.com/is/image/philipsconsumer/0a947d35eb29425e87e6ad160154dacb?wid=610&hei=346&$jpglarge$,,,,,jpg,2026-08-26
img-a7bdac84f59e,philips-bf-hd2383-22,PRODUCT_IN_CONTEXT,EXACT_VERIFIED,https://www.philips.com/c-p/HD2383_22/sandwich-maker,https://images.philips.com/is/image/philipsconsumer/851796941f32420a892ead1e0088431a?wid=610&hei=346&$jpglarge$,,,,,jpg,2026-08-26
img-913cde7dcd9b,philips-bf-hd9365-10,DETAIL_CONTROL,EXACT_VERIFIED,https://www.philips.com/c-p/HD9365_10/eco-conscious-edition-5000-series-kettle,https://images.philips.com/is/image/philipsconsumer/1c2fbfc0dbe34f1f9a30ad2500ae0ab5?wid=610&hei=346&$jpglarge$,,,,,jpg,2026-08-26
img-497c48b9efe9,philips-bf-hd9365-10,UNREADABLE,EXACT_VERIFIED,https://www.philips.com/c-p/HD9365_10/eco-conscious-edition-5000-series-kettle,https://images.philips.com/is/image/philipsconsumer/cb2e4c7627924455a30bad3a009c0348?wid=610&hei=346&$jpglarge$,,,,,jpg,2026-08-26
img-82d3eae27eba,philips-bf-hd9365-10,DETAIL_CONTROL,EXACT_VERIFIED,https://www.philips.com/c-p/HD9365_10/eco-conscious-edition-5000-series-kettle,https://images.philips.com/is/image/philipsconsumer/a465ad8c89b646d990fead4900681621?wid=610&hei=346&$jpglarge$,,,,,jpg,2026-08-26
img-6f947af86adb,philips-bf-hd9365-10,DETAIL_CONTROL,EXACT_VERIFIED,https://www.philips.com/c-p/HD9365_10/eco-conscious-edition-5000-series-kettle,https://images.philips.com/is/image/philipsconsumer/e1752484b73248e3aea5ad2500ae0900?wid=610&hei=346&$jpglarge$,,,,,jpg,2026-08-26
img-12644cf7073e,philips-jc-hr1855-70r1,ANGLE,EXACT_VERIFIED,https://www.home-appliances.philips/gb/en/p/HR1855_70R1,https://dam.versuni.com/transform/webp150x150/713f86e7-0535-49a3-89b8-b1587bed6b56/Front-Product-Photo-Philips-Viva-Collection-Juicer-HR1855_70.webp,,,,,webp,2026-08-26
img-a8536334df53,philips-jc-hr1855-70r1,ANGLE,EXACT_VERIFIED,https://www.home-appliances.philips/gb/en/p/HR1855_70R1,https://dam.versuni.com/transform/webp150x150/38abc736-51b8-4b65-b3b2-1c67e5ec028d/Alternative-Product-Photograph-Philips-Viva-Collection-Juicer-HR1855_70.webp,,,,,webp,2026-08-26
img-3dbc66b1dd80,philips-jc-hr1855-70r1,DETAIL_CONTROL,EXACT_VERIFIED,https://www.home-appliances.philips/gb/en/p/HR1855_70R1,https://dam.versuni.com/transform/webp150x150/3880a1ea-0ade-4f35-a519-ed5fb20e0454/Product-Detail-Photograph-Philips-Viva-Collection-Juicer.webp,,,,,webp,2026-08-26
img-abf9e57083d4,philips-jc-hr1855-70r1,MARKETING_GRAPHIC,EXACT_VERIFIED,https://www.home-appliances.philips/gb/en/p/HR1855_70R1,https://dam.versuni.com/transform/webp654x369/5d0f6646-3a3c-49d7-82d0-33beb4d0a7f3/Feature-Image-Powerful-800-W-motor-juicers.webp,,,,,webp,2026-08-26
img-2f63342987f5,philips-jc-hr1897-34,HERO_FRONT,EXACT_VERIFIED,https://www.usa.philips.com/c-p/HR1897_34/avance-collection-masticating-juicer,https://images.philips.com/is/image/philipsconsumer/vrs_2b0c2a0f_992b_4f1c_a51de11bd8e1c3c1?$png$&wid=410&hei=410&fit=constrain,,,,,png,2026-08-26
img-843a2f534412,philips-jc-hr1897-34,PRODUCT_IN_CONTEXT,EXACT_VERIFIED,https://www.usa.philips.com/c-p/HR1897_34/avance-collection-masticating-juicer,https://images.philips.com/is/image/philipsconsumer/vrs_9b6757e2_d041_4fa3_9998a668d273f214?$png$&wid=410&hei=410&fit=constrain,,,,,png,2026-08-26
img-21d37f3f19d4,philips-jc-hr1897-34,PRODUCT_IN_CONTEXT,EXACT_VERIFIED,https://www.usa.philips.com/c-p/HR1897_34/avance-collection-masticating-juicer,https://images.philips.com/is/image/philipsconsumer/vrs_de516192_aaf9_448e_bbdcec72d8213def?$png$&wid=410&hei=410&fit=constrain,,,,,png,2026-08-26
img-dd95f3cdb8c0,philips-jc-hr1897-34,DETAIL_CONTROL,EXACT_VERIFIED,https://www.usa.philips.com/c-p/HR1897_34/avance-collection-masticating-juicer,https://images.philips.com/is/image/philipsconsumer/vrs_4d5409fc_c68b_42ca_9aa52f3881b022f8?$png$&wid=410&hei=410&fit=constrain,,,,,png,2026-08-26
img-79eec24db5b9,philips-jc-hr1897-34,MARKETING_GRAPHIC,EXACT_VERIFIED,https://www.usa.philips.com/c-p/HR1897_34/avance-collection-masticating-juicer,https://images.philips.com/is/image/philipsconsumer/vrs_ab796600_fbeb_4dc2_8dd6254efd657be7?$png$&wid=400,,,,,png,2026-08-26
img-014b4aa72214,philips-hs-hsp5500-02,MARKETING_GRAPHIC,EXACT_VERIFIED,https://www.philips.co.in/c-p/HSP5500_02/home-safety-indoor-360degree-camera-with-privacy-shutter,https://images.philips.com/is/image/philipsconsumer/vrs_f0202d8f_914f_4012_9b16e8c259242133?$png$&wid=632&hei=632&fit=constrain,,,,,png,2026-08-26
img-ba3a866d1663,philips-hs-hsp5500-02,PRODUCT_IN_CONTEXT,EXACT_VERIFIED,https://www.philips.co.in/c-p/HSP5500_02/home-safety-indoor-360degree-camera-with-privacy-shutter,https://images.philips.com/is/image/philipsconsumer/vrs_9b2a5603_507b_46e1_8116cdfedcc50704?$png$&wid=632&hei=632&fit=constrain,,,,,png,2026-08-26
img-b19423d48abf,philips-hs-hsp5500-02,PRODUCT_IN_CONTEXT,EXACT_VERIFIED,https://www.philips.co.in/c-p/HSP5500_02/home-safety-indoor-360degree-camera-with-privacy-shutter,https://images.philips.com/is/image/philipsconsumer/vrs_7c945c93_fbfa_46b8_a00ce55414856142?$png$&wid=632&hei=632&fit=constrain,,,,,png,2026-08-26
img-2d5183781880,philips-hs-hsp5500-02,HERO_FRONT,EXACT_VERIFIED,https://www.philips.co.in/c-p/HSP5500_02/home-safety-indoor-360degree-camera-with-privacy-shutter,https://images.philips.com/is/image/philipsconsumer/vrs_bf9ea63a_ac32_4201_a9522daac3d638b7?$png$&wid=632&hei=632&fit=constrain,,,,,png,2026-08-26
img-2506849f2f46,philips-hs-hsp5300-01,HERO_FRONT,EXACT_VERIFIED,https://www.home-appliances.philips/sg/en/p/HSP5300_01,https://dam.versuni.com/transform/webp1024x1024/7c2f2252-f4af-4428-a09d-eb87f49c82ee/HS_2023_HSP5300_01_F_fullframe.webp,,,,,webp,2026-08-26
img-1553cf6526a2,philips-hs-hsp5300-01,SIDE_BACK,EXACT_VERIFIED,https://www.home-appliances.philips/sg/en/p/HSP5300_01,https://dam.versuni.com/transform/webp1024x1024/f3200bed-abd0-4186-a2de-8872abc519f3/HS_2023_HSP5300_01_A2_fullframe.webp,,,,,webp,2026-08-26
img-854a03c702fe,philips-hs-hsp5300-01,MARKETING_GRAPHIC,EXACT_VERIFIED,https://www.home-appliances.philips/sg/en/p/HSP5300_01,https://dam.versuni.com/transform/webp1024x1024/1efc15c6-2169-4073-9704-309b078d1f6a/HS_2023_HSP5300_PIU_1_16x9.webp,,,,,webp,2026-08-26
img-be49b5f554ed,philips-hs-hsp5300-01,FAMILY_GROUP,EXACT_VERIFIED,https://www.home-appliances.philips/sg/en/p/HSP5300_01,https://dam.versuni.com/transform/webp1024x1024/02397e53-2d47-4498-8d92-377685df41b7/MVP-Family-light-HR-B-EBP-tif.webp,,,,,webp,2026-08-26
img-3d2c5eb07a60,philips-pet-paw5320-02,HERO_FRONT,EXACT_VERIFIED,https://www.home-appliances.philips/gb/en/p/PAW5320_02,https://dam.versuni.com/transform/webp1024x1024/da003bd9-701a-4839-9c2e-e128209badd2/Pet-Series-Smart-Feeder-with-Camera-PAW5320_02-Dark-Grey-Front-product-photo-PPL-1X1.webp,,,,,webp,2026-08-26
img-a66d1a893f62,philips-pet-paw5320-02,MARKETING_GRAPHIC,EXACT_VERIFIED,https://www.home-appliances.philips/gb/en/p/PAW5320_02,https://dam.versuni.com/transform/webp1024x1024/d21d5d6d-d001-471f-88cc-530577b30b12/Pet-Series-Smart-Feeder-with-Camera-PAW5320_02-Dark-Grey-Product-In-Use-Photo-PPL-notification_motion-1X1.webp,,,,,webp,2026-08-26
img-5f0155787e49,philips-pet-paw5320-02,PRODUCT_IN_CONTEXT,EXACT_VERIFIED,https://www.home-appliances.philips/gb/en/p/PAW5320_02,https://dam.versuni.com/transform/webp1024x1024/2b19b2de-f4f3-4be3-8a7e-79087d950e6b/Pet-Series-Smart-Feeder-with-Camera-PAW5320_02-Dark-Grey-Product-In-Use-Photo-PPL-meal_dispensing-16X9.webp,,,,,webp,2026-08-26
img-30dd5e392dd0,philips-pet-paw5320-02,PRODUCT_IN_CONTEXT,EXACT_VERIFIED,https://www.home-appliances.philips/gb/en/p/PAW5320_02,https://dam.versuni.com/transform/webp1024x1024/4c7f3abc-ac97-47c6-bf7c-1ac06eeab134/Pet-Series-Smart-Feeder-with-Camera-PAW5320_02-Dark-Grey-Main-in-use-photograph-PPL-1X1.webp,,,,,webp,2026-08-26
img-dd1f8d3639c9,philips-pet-paw3210-02,ANGLE,EXACT_VERIFIED,https://www.home-appliances.philips/gb/en/p/PAW3210_02,https://dam.versuni.com/transform/webp1024x1024/ab28d51d-cf60-4605-a04f-7877ec2c34b7/Pet-Series-Water-Fountain-PAW3210_02-Dark-Grey-Front-Product-photo-PPL-1X1.webp,,,,,webp,2026-08-26
img-31a68b04d8f2,philips-pet-paw3210-02,PRODUCT_IN_CONTEXT,EXACT_VERIFIED,https://www.home-appliances.philips/gb/en/p/PAW3210_02,https://dam.versuni.com/transform/webp1024x1024/e36d0bf2-53a7-44d3-a5be-d721c8d989a2/Pet-Series-Water-Fountain-PAW3210_02-Dark-Grey-Product-In-Use-Photo-PPL-know_when_to_refill-1X1.webp,,,,,webp,2026-08-26
img-d96f27ac99dd,philips-pet-paw3210-02,PRODUCT_IN_CONTEXT,EXACT_VERIFIED,https://www.home-appliances.philips/gb/en/p/PAW3210_02,https://dam.versuni.com/transform/webp1024x1024/e61704e0-b747-4591-9073-a436ba3cbb78/Pet-Series-Water-Fountain-PAW3210_02-Dark-Grey-Product-In-Use-Photo-PPL-run_dry_protection-1X1.webp,,,,,webp,2026-08-26
img-d80f5998e694,philips-pet-paw3210-02,PRODUCT_IN_CONTEXT,EXACT_VERIFIED,https://www.home-appliances.philips/gb/en/p/PAW3210_02,https://dam.versuni.com/transform/webp1024x1024/c5596d9d-8422-4b26-9a2a-125cd5a54e6f/Pet-Series-Water-Fountain-PAW3210_02-Dark-Grey-Main-in-use-photograph-PPL-1X1.webp,,,,,webp,2026-08-26
img-479152170555,philips-garden-rsl3000-10,MARKETING_GRAPHIC,EXACT_VERIFIED,https://www.home-appliances.philips/fr/fr/p/RSL3000_10,https://dam.versuni.com/transform/webp1024x1024/b43547e4-5938-45dd-a1c0-ecf592418d9d/RSL3000_10.webp,,,,,webp,2026-08-26
img-d9061578b2b1,philips-garden-rsl3000-10,FAMILY_GROUP,EXACT_VERIFIED,https://www.home-appliances.philips/fr/fr/p/RSL3000_10,https://dam.versuni.com/transform/webp1024x1024/81fece6a-4e00-4062-8198-5741bccd917f/RSL3000_10.webp,,,,,webp,2026-08-26
img-e9fcb20aa313,philips-garden-rsl3000-10,MARKETING_GRAPHIC,EXACT_VERIFIED,https://www.home-appliances.philips/fr/fr/p/RSL3000_10,https://dam.versuni.com/transform/webp1024x1024/19b5340d-18ee-42ba-8569-06806d535d24/GS_2024_RSL3000_20_rain-sensor_1x1_English-United-States-tif.webp,,,,,webp,2026-08-26
img-5a14d2e55d6e,philips-garden-rsl3000-10,PRODUCT_IN_CONTEXT,EXACT_VERIFIED,https://www.home-appliances.philips/fr/fr/p/RSL3000_10,https://dam.versuni.com/transform/webp1024x1024/f51c2e97-d2d3-45e1-bfc7-c2714805b772/GS_2024_RSL3000_10_3x-faster-mowing_1x1_English-United-States.webp,,,,,webp,2026-08-26
img-030f37850f29,philips-cf-bar305-00,MARKETING_GRAPHIC,EXACT_VERIFIED,https://www.usa.philips.com/c-p/BAR305_00/baristina-espresso-machine,https://images.philips.com/is/image/philipsconsumer/vrs_ed5c1d94_b3bf_4420_84469786fa65f38f?$png$&wid=410&hei=410&fit=constrain,,,,,png,2026-08-26
img-8dc568179885,philips-cf-bar305-00,SIDE_BACK,EXACT_VERIFIED,https://www.usa.philips.com/c-p/BAR305_00/baristina-espresso-machine,https://images.philips.com/is/image/philipsconsumer/vrs_1ee3db8e_5fed_4675_ad61bfb42ef2b440?$png$&wid=410&hei=410&fit=constrain,,,,,png,2026-08-26
img-ca73eccedd93,philips-cf-bar305-00,DETAIL_CONTROL,EXACT_VERIFIED,https://www.usa.philips.com/c-p/BAR305_00/baristina-espresso-machine,https://images.philips.com/is/image/philipsconsumer/vrs_b74e6cd1_5bf6_49f1_a0b4d1fbe001e673?$png$&wid=400,,,,,png,2026-08-26
img-3ae3cd118f75,philips-cf-bar305-00,MARKETING_GRAPHIC,EXACT_VERIFIED,https://www.usa.philips.com/c-p/BAR305_00/baristina-espresso-machine,https://images.philips.com/is/image/philipsconsumer/vrs_b996bdc5_4133_40fc_996610ada02e2d59?$png$&wid=400,,,,,png,2026-08-26
img-93e7059a4829,philips-cf-psa3218-01,PRODUCT_IN_CONTEXT,EXACT_VERIFIED,https://www.usa.philips.com/c-p/PSA3218_01/philips-barista-brew-semi-automatic-espresso-machine,https://images.philips.com/is/image/philipsconsumer/vrs_2eaf3b2c_5d01_4051_af6b18edb4d5655f?$png$&wid=410&hei=410&fit=constrain,,,,,png,2026-08-26
img-d0f8ee964d0a,philips-cf-psa3218-01,SIDE_BACK,EXACT_VERIFIED,https://www.usa.philips.com/c-p/PSA3218_01/philips-barista-brew-semi-automatic-espresso-machine,https://images.philips.com/is/image/philipsconsumer/vrs_856a6996_a83a_4b09_9a34efa9910a8e00?$png$&wid=410&hei=410&fit=constrain,,,,,png,2026-08-26
img-137df6160aaa,philips-cf-psa3218-01,DETAIL_CONTROL,EXACT_VERIFIED,https://www.usa.philips.com/c-p/PSA3218_01/philips-barista-brew-semi-automatic-espresso-machine,https://images.philips.com/is/image/philipsconsumer/vrs_77d6ba62_4e47_48e1_82bba41a602c0ec9?$png$&wid=400,,,,,png,2026-08-26
img-3b568c2a3a2f,philips-cf-psa3218-01,DETAIL_CONTROL,EXACT_VERIFIED,https://www.usa.philips.com/c-p/PSA3218_01/philips-barista-brew-semi-automatic-espresso-machine,https://images.philips.com/is/image/philipsconsumer/vrs_7b78f5a2_3826_4c52_85247724145780de?$png$&wid=400,,,,,png,2026-08-26
img-3226258a5397,philips-cf-ep3347-90,ANGLE,EXACT_VERIFIED,https://www.usa.philips.com/c-p/EP3347_90/series-3300-fully-automatic-espresso-machine/overview,https://images.philips.com/is/image/philipsconsumer/vrs_85a3eb3c_d3ce_4bc5_8f3f64556e45ad67?$png$&wid=410&hei=410&fit=constrain,,,,,png,2026-08-26
img-3ed0855030a8,philips-cf-ep3347-90,SIDE_BACK,EXACT_VERIFIED,https://www.usa.philips.com/c-p/EP3347_90/series-3300-fully-automatic-espresso-machine/overview,https://images.philips.com/is/image/philipsconsumer/vrs_f50ab541_4bf0_4e4e_a0eeed59ff321731?$png$&wid=410&hei=410&fit=constrain,,,,,png,2026-08-26
img-3662bacea589,philips-cf-ep3347-90,DETAIL_CONTROL,EXACT_VERIFIED,https://www.usa.philips.com/c-p/EP3347_90/series-3300-fully-automatic-espresso-machine/overview,https://images.philips.com/is/image/philipsconsumer/vrs_b2c46d00_de09_400d_a5ac991ca31bb19f?$png$&wid=400,,,,,png,2026-08-26
img-15c5c68f3a0f,philips-cf-ep3347-90,DETAIL_CONTROL,EXACT_VERIFIED,https://www.usa.philips.com/c-p/EP3347_90/series-3300-fully-automatic-espresso-machine/overview,https://images.philips.com/is/image/philipsconsumer/vrs_77d81fcc_1a84_4c77_954f806b0566072b?$png$&wid=400,,,,,png,2026-08-26
img-3ad1880cb230,philips-cf-ep8757-20,ANGLE,EXACT_VERIFIED,https://www.usa.philips.com/c-p/EP8757_20/philips-cafe-aromis-8000-series,https://images.philips.com/is/image/philipsconsumer/vrs_4cd40dc8_8334_4581_831bd794824164e8?$png$&wid=410&hei=410&fit=constrain,,,,,png,2026-08-26
img-d6d1523d3256,philips-cf-ep8757-20,DETAIL_CONTROL,EXACT_VERIFIED,https://www.usa.philips.com/c-p/EP8757_20/philips-cafe-aromis-8000-series,https://images.philips.com/is/image/philipsconsumer/vrs_82eb8457_7c02_4889_a7ef69a00345bfe2?$png$&wid=410&hei=410&fit=constrain,,,,,png,2026-08-26
img-3227ba79c163,philips-cf-ep8757-20,DETAIL_CONTROL,EXACT_VERIFIED,https://www.usa.philips.com/c-p/EP8757_20/philips-cafe-aromis-8000-series,https://images.philips.com/is/image/philipsconsumer/vrs_70df7ba8_d5ba_4435_aeabadd84d20f2e9?$png$&wid=410&hei=410&fit=constrain,,,,,png,2026-08-26
img-ea8543e75ca5,philips-cf-ep8757-20,PRODUCT_IN_CONTEXT,EXACT_VERIFIED,https://www.usa.philips.com/c-p/EP8757_20/philips-cafe-aromis-8000-series,https://images.philips.com/is/image/philipsconsumer/vrs_b66e1d89_e5be_474f_b906acda54ff39bc?$png$&wid=410&hei=410&fit=constrain,,,,,png,2026-08-26
img-d9f1d00fc6f7,lor-barista-cf-lm8018,MARKETING_GRAPHIC,EXACT_VERIFIED,https://www.philips.com/c-p/LM8018_90R1/lor-barista-capsule-coffee-machine,https://images.philips.com/is/image/philipsconsumer/6d7641e1d5eb4ace89dfad250106b174?wid=305&hei=173&$jpglarge$,,,,,jpg,2026-08-26
img-20410762c4fc,lor-barista-cf-lm8018,MARKETING_GRAPHIC,EXACT_VERIFIED,https://www.philips.com/c-p/LM8018_90R1/lor-barista-capsule-coffee-machine,https://images.philips.com/is/image/philipsconsumer/c1fcfdff5c22490e980cad1600c8121c?wid=305&hei=173&$jpglarge$,,,,,jpg,2026-08-26
img-e5a245e437bd,lor-barista-cf-lm8018,MARKETING_GRAPHIC,EXACT_VERIFIED,https://www.philips.com/c-p/LM8018_90R1/lor-barista-capsule-coffee-machine,https://images.philips.com/is/image/philipsconsumer/c11d7cbfeaac4761a06dad1600f01dc1?wid=305&hei=173&$jpglarge$,,,,,jpg,2026-08-26
img-06443c2e55b3,lor-barista-cf-lm8018,MARKETING_GRAPHIC,EXACT_VERIFIED,https://www.philips.com/c-p/LM8018_90R1/lor-barista-capsule-coffee-machine,https://images.philips.com/is/image/philipsconsumer/47c2662eb85342c6bf4ead2501032a3b?wid=305&hei=173&$jpglarge$,,,,,jpg,2026-08-26
img-4e49e08bb429,senseo-cf-original-nl,ANGLE,EXACT_VERIFIED,https://www.senseo.nl/koffiemachines/senseo-original/,https://www.senseo.nl/siteassets/coffee-machines/original/senseo-original-hd6553-20-cashmere-grey.png,,,,,png,2026-08-26
img-092fe5f3097e,senseo-cf-original-nl,ANGLE,EXACT_VERIFIED,https://www.senseo.nl/koffiemachines/senseo-original/,https://www.senseo.nl/siteassets/coffee-machines/original/senseo-original-rio-red.png,,,,,png,2026-08-26
img-ddc828ded4a1,senseo-cf-original-nl,ANGLE,EXACT_VERIFIED,https://www.senseo.nl/koffiemachines/senseo-original/,https://www.senseo.nl/siteassets/coffee-machines/original/senseo-original-hd6553-70-silver-grey.png,,,,,png,2026-08-26
img-bbee4cc8d128,senseo-cf-original-nl,HERO_FRONT,EXACT_VERIFIED,https://www.senseo.nl/koffiemachines/senseo-original/,https://www.senseo.nl/siteassets/coffee-machines/original/senseo-original-hd6554-60-black-front.png,,,,,png,2026-08-26
img-54a1a9200bd4,saeco-cf-xelsis-suprema-sm8889,HERO_FRONT,EXACT_VERIFIED,https://saeco.com/xelsis/xelsis-suprema/,https://media.graphassets.com/resize=width:3840/quality=value:100/auto_image/p9iNkRdhRJKh7ZhT2Vtx,,,,,webp,2026-08-26
img-06ac4e98d4a9,saeco-cf-xelsis-suprema-sm8889,DETAIL_CONTROL,EXACT_VERIFIED,https://saeco.com/xelsis/xelsis-suprema/,https://media.graphassets.com/MI8Gs5KTbimbCGG4GCxA,,,,,webp,2026-08-26
img-085c97d119bb,saeco-cf-xelsis-suprema-sm8889,HERO_FRONT,EXACT_VERIFIED,https://saeco.com/xelsis/xelsis-suprema/,https://media.graphassets.com/s3gPRnQtToKw4zbYjeY8,,,,,webp,2026-08-26
img-262e1167734d,saeco-cf-xelsis-suprema-sm8889,DETAIL_CONTROL,EXACT_VERIFIED,https://saeco.com/xelsis/xelsis-suprema/,https://media.graphassets.com/EsB0jrXBRrOUmQMLLa93,,,,,webp,2026-08-26
img-b6347bfdcd9d,saeco-cf-xelsis-suprema-sm8889,DETAIL_CONTROL,EXACT_VERIFIED,https://saeco.com/xelsis/xelsis-suprema/,https://media.graphassets.com/CyPd3VRCROmeNlWrsDXm,,,,,webp,2026-08-26
img-c4d628096024,saeco-cf-xelsis-deluxe-sm8782,HERO_FRONT,EXACT_VERIFIED,https://saeco.com/xelsis/xelsis-deluxe/,https://media.graphassets.com/resize=width:3840/quality=value:100/auto_image/u1JmAEDcThA5qcorhcnb,,,,,webp,2026-08-26
img-4b14b8eae2b1,saeco-cf-xelsis-deluxe-sm8782,DETAIL_CONTROL,EXACT_VERIFIED,https://saeco.com/xelsis/xelsis-deluxe/,https://media.graphassets.com/fCbisxAlRsCazhUjveDA,,,,,webp,2026-08-26
img-fe10f465a321,saeco-cf-xelsis-deluxe-sm8782,HERO_FRONT,EXACT_VERIFIED,https://saeco.com/xelsis/xelsis-deluxe/,https://media.graphassets.com/21OaJtEVSu2ZL56AkTTx,,,,,webp,2026-08-26
img-7f582bfcbbde,saeco-cf-xelsis-deluxe-sm8782,DETAIL_CONTROL,EXACT_VERIFIED,https://saeco.com/xelsis/xelsis-deluxe/,https://media.graphassets.com/UyrbZ1VT8CvM3Y6Fumvk,,,,,webp,2026-08-26
img-d2ed99a98cd1,saeco-cf-xelsis-deluxe-sm8782,DETAIL_CONTROL,EXACT_VERIFIED,https://saeco.com/xelsis/xelsis-deluxe/,https://media.graphassets.com/ytJ6w4jqRjmwdABOGCPI,,,,,webp,2026-08-26
img-13311f4085a9,saeco-cf-granaroma-sm6480,HERO_FRONT,EXACT_VERIFIED,https://saeco.com/granaroma/granaroma/,https://media.graphassets.com/resize=width:3840/quality=value:100/auto_image/2qmQKyllTPHTRk1Zx3mg,,,,,webp,2026-08-26
img-70c562b60b97,saeco-cf-granaroma-sm6480,DETAIL_CONTROL,FAMILY_VERIFIED,https://saeco.com/granaroma/granaroma/,https://media.graphassets.com/resize=w:700/quality=value:100/auto_image/nwES1lyuQ2eJrayigrH6,,,,,webp,2026-08-26
img-56d56c9f076d,saeco-cf-granaroma-sm6480,PRODUCT_IN_CONTEXT,FAMILY_VERIFIED,https://saeco.com/granaroma/granaroma/,https://media.graphassets.com/cQkwL8rESoa1oQfWi0PA,,,,,webp,2026-08-26
img-d438904005d0,saeco-cf-granaroma-sm6480,SIDE_BACK,FAMILY_VERIFIED,https://saeco.com/granaroma/granaroma/,https://media.graphassets.com/mEfICWoQly8GovNHF7Hy,,,,,webp,2026-08-26
img-f7e651e2d307,saeco-cf-granaroma-sm6480,PRODUCT_IN_CONTEXT,FAMILY_VERIFIED,https://saeco.com/granaroma/granaroma/,https://media.graphassets.com/8SN6imQCTUmNJ3jLGdhv,,,,,webp,2026-08-26
img-105c56366608,gaggia-cf-classicup,HERO_FRONT,EXACT_VERIFIED,https://www.gaggia.com/manual-machines/classic-up/,https://www.gaggia.com/app/uploads/2026/02/Classic_Up_Immagine_Menu_Gaggia.png,,,,,png,2026-08-26
img-5d83368015f3,gaggia-cf-classicup,ANGLE,EXACT_VERIFIED,https://www.gaggia.com/manual-machines/classic-up/,https://www.gaggia.com/app/uploads/2026/02/Classic_Up-Trequarti.png,,,,,png,2026-08-26
img-1b45f2e3345e,gaggia-cf-classicup,DETAIL_CONTROL,EXACT_VERIFIED,https://www.gaggia.com/manual-machines/classic-up/,https://www.gaggia.com/app/uploads/2026/02/classic-up_overview-05-lancia_po_1560x790-1140x578-1.jpg,,,,,jpg,2026-08-26
img-46f29f1d3397,gaggia-cf-classicup,DETAIL_CONTROL,EXACT_VERIFIED,https://www.gaggia.com/manual-machines/classic-up/,https://www.gaggia.com/app/uploads/2026/02/classic-up_overview-06-manometro_po_1560x790-1140x578-1.jpg,,,,,jpg,2026-08-26
img-9deefe2ec1a5,gaggia-cf-classicup,DETAIL_CONTROL,EXACT_VERIFIED,https://www.gaggia.com/manual-machines/classic-up/,https://www.gaggia.com/app/uploads/2026/02/classic-up_overview-07-toggles_po_1560x790-1140x578-1.jpg,,,,,jpg,2026-08-26
img-d0562200f994,preethi-mg-zodiac-mg218,MARKETING_GRAPHIC,EXACT_VERIFIED,https://www.shop.preethi.in/products/preethi-zodiac-mg218,https://cdn.shopify.com/s/files/1/0643/8253/3718/files/2_0c10b0e4-c818-41e0-a8ce-ef4555bacf08.jpg?v=1753438995,,,,,jpg,2026-08-26
img-6bc3751059ac,preethi-mg-zodiac-mg218,MARKETING_GRAPHIC,EXACT_VERIFIED,https://www.shop.preethi.in/products/preethi-zodiac-mg218,https://cdn.shopify.com/s/files/1/0643/8253/3718/files/3_8bdbe53b-c394-4ee8-8d8d-26b98f41f67e.jpg?v=1753438995,,,,,jpg,2026-08-26
img-3e4e109a263c,preethi-mg-zodiac-mg218,MARKETING_GRAPHIC,EXACT_VERIFIED,https://www.shop.preethi.in/products/preethi-zodiac-mg218,https://cdn.shopify.com/s/files/1/0643/8253/3718/files/4_f19127a1-d187-414d-b6a8-f39e3a8d8ca0.jpg?v=1753438995,,,,,jpg,2026-08-26
img-581b5ed4a7a6,preethi-mg-zodiac-mg218,MARKETING_GRAPHIC,EXACT_VERIFIED,https://www.shop.preethi.in/products/preethi-zodiac-mg218,https://cdn.shopify.com/s/files/1/0643/8253/3718/files/5_4aa2cf11-b716-44dc-acbb-9d5e36f49b6d.jpg?v=1753438995,,,,,jpg,2026-08-26
img-baebe4c93f34,preethi-mg-zodiac-mg218,MARKETING_GRAPHIC,EXACT_VERIFIED,https://www.shop.preethi.in/products/preethi-zodiac-mg218,https://cdn.shopify.com/s/files/1/0643/8253/3718/files/6_9defeb63-dd9a-4ce7-8c1b-a9b2a70f9fe0.jpg?v=1753438995,,,,,jpg,2026-08-26
img-421580d6f2ec,preethi-mg-zodiac2-mg255,HERO_FRONT,EXACT_VERIFIED,https://www.shop.preethi.in/products/preethi-zodiac-2-0-1000w-mg255,https://cdn.shopify.com/s/files/1/0643/8253/3718/files/Preethi_Zodiac_2.0_Mixer_Grinder_-_1000W_-_01.jpg?v=1777888629,,,,,jpg,2026-08-26
img-627867b925dc,preethi-mg-zodiac2-mg255,MARKETING_GRAPHIC,EXACT_VERIFIED,https://www.shop.preethi.in/products/preethi-zodiac-2-0-1000w-mg255,https://cdn.shopify.com/s/files/1/0643/8253/3718/files/Preethi_Zodiac_2.0_Mixer_Grinder_-_1000W_-_05.jpg?v=1777888629,,,,,jpg,2026-08-26
img-67468dfeeaf5,preethi-mg-zodiac2-mg255,MARKETING_GRAPHIC,EXACT_VERIFIED,https://www.shop.preethi.in/products/preethi-zodiac-2-0-1000w-mg255,https://cdn.shopify.com/s/files/1/0643/8253/3718/files/Preethi_Zodiac_2.0_Mixer_Grinder_-_1000W_-_03.jpg?v=1777888629,,,,,jpg,2026-08-26
img-61920339f0e1,preethi-mg-zodiac2-mg255,MARKETING_GRAPHIC,EXACT_VERIFIED,https://www.shop.preethi.in/products/preethi-zodiac-2-0-1000w-mg255,https://cdn.shopify.com/s/files/1/0643/8253/3718/files/Preethi_Zodiac_2.0_Mixer_Grinder_-_1000W_-_04.jpg?v=1777888629,,,,,jpg,2026-08-26
img-96b63d45857e,preethi-mg-zodiac2-mg255,MARKETING_GRAPHIC,EXACT_VERIFIED,https://www.shop.preethi.in/products/preethi-zodiac-2-0-1000w-mg255,https://cdn.shopify.com/s/files/1/0643/8253/3718/files/Preethi_Zodiac_2.0_Mixer_Grinder_-_1000W_-_02.jpg?v=1777888629,,,,,jpg,2026-08-26
img-483f27dae99e,preethi-mg-blueleaf-mg281,HERO_FRONT,EXACT_VERIFIED,https://www.shop.preethi.in/products/preethi-blue-leaf-titanium-15-0-mg-281-8901225782813,https://cdn.shopify.com/s/files/1/0643/8253/3718/files/8901225782813-1_ef052565-e0b7-4909-bcd5-bc9577adec50.jpg?v=1755594376,,,,,jpg,2026-08-26
img-cf1b1d62ec54,preethi-mg-blueleaf-mg281,MARKETING_GRAPHIC,EXACT_VERIFIED,https://www.shop.preethi.in/products/preethi-blue-leaf-titanium-15-0-mg-281-8901225782813,https://cdn.shopify.com/s/files/1/0643/8253/3718/files/8901225782813-2_25b3c9b6-c03b-4854-9229-cf1d83176804.jpg?v=1755594376,,,,,jpg,2026-08-26
img-dd3630e3828a,preethi-mg-blueleaf-mg281,MARKETING_GRAPHIC,EXACT_VERIFIED,https://www.shop.preethi.in/products/preethi-blue-leaf-titanium-15-0-mg-281-8901225782813,https://cdn.shopify.com/s/files/1/0643/8253/3718/files/8901225782813-3_84d55eed-7c49-4f22-9dbc-7a548f7ceae5.jpg?v=1755594377,,,,,jpg,2026-08-26
img-9594f43d69ef,preethi-mg-blueleaf-mg281,MARKETING_GRAPHIC,EXACT_VERIFIED,https://www.shop.preethi.in/products/preethi-blue-leaf-titanium-15-0-mg-281-8901225782813,https://cdn.shopify.com/s/files/1/0643/8253/3718/files/8901225782813-4_4a74a0ae-8098-413b-8cba-3c5fee19c453.jpg?v=1755594377,,,,,jpg,2026-08-26
img-54a78e88217f,preethi-mg-blueleaf-mg281,MARKETING_GRAPHIC,EXACT_VERIFIED,https://www.shop.preethi.in/products/preethi-blue-leaf-titanium-15-0-mg-281-8901225782813,https://cdn.shopify.com/s/files/1/0643/8253/3718/files/8901225782813-6_e1e377e7-9f31-4d87-9274-2bacb1ed16bc.jpg?v=1755594377,,,,,jpg,2026-08-26
img-c4a24e9c9749,preethi-mg-diamond-mg214,HERO_FRONT,EXACT_VERIFIED,https://www.shop.preethi.in/products/preethi-platinum-diamond-mg214-002,https://cdn.shopify.com/s/files/1/0643/8253/3718/files/Blue_Leaf_Diamond_-_White.jpg?v=1787639271,,,,,jpg,2026-08-26
img-d6a25ca4c77b,preethi-mg-diamond-mg214,MARKETING_GRAPHIC,EXACT_VERIFIED,https://www.shop.preethi.in/products/preethi-platinum-diamond-mg214-002,https://cdn.shopify.com/s/files/1/0643/8253/3718/files/Preethi_Blue_Leaf_Diamond_Mixer_Grinder_-_8.jpg?v=1784271217,,,,,jpg,2026-08-26
img-d0ba3c211ab0,preethi-mg-diamond-mg214,MARKETING_GRAPHIC,EXACT_VERIFIED,https://www.shop.preethi.in/products/preethi-platinum-diamond-mg214-002,https://cdn.shopify.com/s/files/1/0643/8253/3718/files/Preethi_Blue_Leaf_Diamond_Mixer_Grinder_-_6.jpg?v=1784271216,,,,,jpg,2026-08-26
img-807ed3bafdad,preethi-mg-diamond-mg214,MARKETING_GRAPHIC,EXACT_VERIFIED,https://www.shop.preethi.in/products/preethi-platinum-diamond-mg214-002,https://cdn.shopify.com/s/files/1/0643/8253/3718/files/Preethi_Blue_Leaf_Diamond_Mixer_Grinder_-_7.jpg?v=1784271216,,,,,jpg,2026-08-26
img-3b52bfada5ef,preethi-mg-diamond-mg214,MARKETING_GRAPHIC,EXACT_VERIFIED,https://www.shop.preethi.in/products/preethi-platinum-diamond-mg214-002,https://cdn.shopify.com/s/files/1/0643/8253/3718/files/Preethi_Blue_Leaf_Diamond_Mixer_Grinder_-_4.jpg?v=1784271216,,,,,jpg,2026-08-26
img-b720b1588832,preethi-mg-ecoplus-mg138,MARKETING_GRAPHIC,EXACT_VERIFIED,https://www.shop.preethi.in/products/preethi-eco-plus-110-v-local-mg-138,https://cdn.shopify.com/s/files/1/0643/8253/3718/files/Preethi_Eco_Plus_110V_mixer_Grinder_-_550W_-_3_Jar_-_02.jpg?v=1777890423,,,,,jpg,2026-08-26
img-e8cf5f7b9613,preethi-mg-ecoplus-mg138,MARKETING_GRAPHIC,EXACT_VERIFIED,https://www.shop.preethi.in/products/preethi-eco-plus-110-v-local-mg-138,https://cdn.shopify.com/s/files/1/0643/8253/3718/files/Preethi_Eco_Plus_110V_mixer_Grinder_-_550W_-_3_Jar_-_03.jpg?v=1777890423,,,,,jpg,2026-08-26
img-4e82a818271d,preethi-mg-ecoplus-mg138,MARKETING_GRAPHIC,EXACT_VERIFIED,https://www.shop.preethi.in/products/preethi-eco-plus-110-v-local-mg-138,https://cdn.shopify.com/s/files/1/0643/8253/3718/files/Preethi_Eco_Plus_110V_mixer_Grinder_-_550W_-_3_Jar_-_04.jpg?v=1777890424,,,,,jpg,2026-08-26
img-2ec4e17fc107,preethi-mg-ecoplus-mg138,MARKETING_GRAPHIC,EXACT_VERIFIED,https://www.shop.preethi.in/products/preethi-eco-plus-110-v-local-mg-138,https://cdn.shopify.com/s/files/1/0643/8253/3718/files/Preethi_Eco_Plus_110V_mixer_Grinder_-_550W_-_3_Jar_-_05.jpg?v=1777890423,,,,,jpg,2026-08-26
img-8ca082574188,preethi-mg-ecoplus-mg138,HERO_FRONT,EXACT_VERIFIED,https://www.shop.preethi.in/products/preethi-eco-plus-110-v-local-mg-138,https://cdn.shopify.com/s/files/1/0643/8253/3718/files/Preethi_Eco_Plus_110V_mixer_Grinder_-_550W_-_3_Jar_-_01.jpg?v=1777890423,,,,,jpg,2026-08-26
img-f349a4dace19,preethi-gs-glamsteel-3b,MARKETING_GRAPHIC,EXACT_VERIFIED,https://www.shop.preethi.in/products/preethi-glamsteel-3-burner-stainless-steel-gas-stove-manual-ignition-isi-certified-lifelong-free-service,https://cdn.shopify.com/s/files/1/0643/8253/3718/files/01_00a9bcf7-7841-4fa4-bce5-9520773df410.png?v=1785841083,,,,,png,2026-08-26
img-cd87aaa56983,preethi-gs-glamsteel-3b,MARKETING_GRAPHIC,EXACT_VERIFIED,https://www.shop.preethi.in/products/preethi-glamsteel-3-burner-stainless-steel-gas-stove-manual-ignition-isi-certified-lifelong-free-service,https://cdn.shopify.com/s/files/1/0643/8253/3718/files/02_2f9b5033-c7bd-4de3-a730-2e0644261709.png?v=1785841083,,,,,png,2026-08-26
img-8fea1bb51a5d,preethi-gs-glamsteel-3b,MARKETING_GRAPHIC,EXACT_VERIFIED,https://www.shop.preethi.in/products/preethi-glamsteel-3-burner-stainless-steel-gas-stove-manual-ignition-isi-certified-lifelong-free-service,https://cdn.shopify.com/s/files/1/0643/8253/3718/files/03_d8d47666-789b-4017-b8c1-35af0c5b1e08.png?v=1785841083,,,,,png,2026-08-26
img-2abe6688a001,preethi-gs-glamsteel-3b,MARKETING_GRAPHIC,EXACT_VERIFIED,https://www.shop.preethi.in/products/preethi-glamsteel-3-burner-stainless-steel-gas-stove-manual-ignition-isi-certified-lifelong-free-service,https://cdn.shopify.com/s/files/1/0643/8253/3718/files/05_2021b0fe-b286-4608-927c-d33bd57e54d3.png?v=1785841083,,,,,png,2026-08-26
img-b4d77decffff,preethi-gs-silverin-2b,HERO_FRONT,EXACT_VERIFIED,https://www.shop.preethi.in/products/preethi-silverin-2-burner-glass-top-gas-stove-easy-to-clean-with-xl-spill-tray-sparkling-clean-in-2-minutes-5-year-glass-burner-warranty-lifetime-valve-warranty-isi-certified,https://cdn.shopify.com/s/files/1/0643/8253/3718/files/2Burner-Silverin-01.jpg?v=1758707210,,,,,jpg,2026-08-26
img-3f02fd8610b2,preethi-gs-silverin-2b,MARKETING_GRAPHIC,EXACT_VERIFIED,https://www.shop.preethi.in/products/preethi-silverin-2-burner-glass-top-gas-stove-easy-to-clean-with-xl-spill-tray-sparkling-clean-in-2-minutes-5-year-glass-burner-warranty-lifetime-valve-warranty-isi-certified,https://cdn.shopify.com/s/files/1/0643/8253/3718/files/2Burner-Silverin-02.jpg?v=1758707210,,,,,jpg,2026-08-26
img-5bff85cc085e,preethi-gs-silverin-2b,MARKETING_GRAPHIC,EXACT_VERIFIED,https://www.shop.preethi.in/products/preethi-silverin-2-burner-glass-top-gas-stove-easy-to-clean-with-xl-spill-tray-sparkling-clean-in-2-minutes-5-year-glass-burner-warranty-lifetime-valve-warranty-isi-certified,https://cdn.shopify.com/s/files/1/0643/8253/3718/files/2Burner-Silverin-03.jpg?v=1758707210,,,,,jpg,2026-08-26
img-5b0df38ede80,preethi-gs-silverin-2b,MARKETING_GRAPHIC,EXACT_VERIFIED,https://www.shop.preethi.in/products/preethi-silverin-2-burner-glass-top-gas-stove-easy-to-clean-with-xl-spill-tray-sparkling-clean-in-2-minutes-5-year-glass-burner-warranty-lifetime-valve-warranty-isi-certified,https://cdn.shopify.com/s/files/1/0643/8253/3718/files/2Burner-Silverin-04.jpg?v=1758707210,,,,,jpg,2026-08-26
img-e9eb6a7cef88,preethi-gs-silverin-2b,MARKETING_GRAPHIC,EXACT_VERIFIED,https://www.shop.preethi.in/products/preethi-silverin-2-burner-glass-top-gas-stove-easy-to-clean-with-xl-spill-tray-sparkling-clean-in-2-minutes-5-year-glass-burner-warranty-lifetime-valve-warranty-isi-certified,https://cdn.shopify.com/s/files/1/0643/8253/3718/files/2Burner-Silverin-06.jpg?v=1758707210,,,,,jpg,2026-08-26
img-9b07630122ef,preethi-gs-valentino-gts121,HERO_FRONT,EXACT_VERIFIED,https://www.shop.preethi.in/products/preethi-valentino-carbon-black-gts121,https://cdn.shopify.com/s/files/1/0643/8253/3718/files/9.png?v=1770615508,,,,,png,2026-08-26
img-f616a2a635c2,preethi-gs-valentino-gts121,MARKETING_GRAPHIC,EXACT_VERIFIED,https://www.shop.preethi.in/products/preethi-valentino-carbon-black-gts121,https://cdn.shopify.com/s/files/1/0643/8253/3718/files/6_d456adca-5b82-4f2f-956e-2473593595d6.png?v=1770615508,,,,,png,2026-08-26
img-3ba002de2ff5,preethi-gs-valentino-gts121,MARKETING_GRAPHIC,EXACT_VERIFIED,https://www.shop.preethi.in/products/preethi-valentino-carbon-black-gts121,https://cdn.shopify.com/s/files/1/0643/8253/3718/files/4_d83bde59-904e-44ee-91dc-dbf7b14f2d81.png?v=1770615509,,,,,png,2026-08-26
img-3fdcc31a72b5,preethi-gs-valentino-gts121,MARKETING_GRAPHIC,EXACT_VERIFIED,https://www.shop.preethi.in/products/preethi-valentino-carbon-black-gts121,https://cdn.shopify.com/s/files/1/0643/8253/3718/files/2_872ec8d3-9dfd-473d-8f15-0bf1e10f7bb9.png?v=1770615508,,,,,png,2026-08-26
img-3425ac829c89,preethi-gs-valentino-gts121,MARKETING_GRAPHIC,EXACT_VERIFIED,https://www.shop.preethi.in/products/preethi-valentino-carbon-black-gts121,https://cdn.shopify.com/s/files/1/0643/8253/3718/files/3_463255f2-ee33-4264-8ae8-d045308966cc.png?v=1770615508,,,,,png,2026-08-26
img-6202393a76a2,preethi-ic-ic125,MARKETING_GRAPHIC,EXACT_VERIFIED,https://www.shop.preethi.in/products/preethi-indicook-ic125-2100-watt-induction-cooktop-feather-touch-operation-with-crystal-glass-black-8901225061253,https://cdn.shopify.com/s/files/1/0643/8253/3718/files/8901225061253_2.jpg?v=1746783365,,,,,jpg,2026-08-26
img-ba87cb0bd7bf,preethi-ic-ic125,MARKETING_GRAPHIC,EXACT_VERIFIED,https://www.shop.preethi.in/products/preethi-indicook-ic125-2100-watt-induction-cooktop-feather-touch-operation-with-crystal-glass-black-8901225061253,https://cdn.shopify.com/s/files/1/0643/8253/3718/files/8901225061253_3.jpg?v=1746783365,,,,,jpg,2026-08-26
img-fc2c27e82096,preethi-ic-ic125,MARKETING_GRAPHIC,EXACT_VERIFIED,https://www.shop.preethi.in/products/preethi-indicook-ic125-2100-watt-induction-cooktop-feather-touch-operation-with-crystal-glass-black-8901225061253,https://cdn.shopify.com/s/files/1/0643/8253/3718/files/8901225061253_4.jpg?v=1746783365,,,,,jpg,2026-08-26
img-49d27371e13e,preethi-ic-ic125,MARKETING_GRAPHIC,EXACT_VERIFIED,https://www.shop.preethi.in/products/preethi-indicook-ic125-2100-watt-induction-cooktop-feather-touch-operation-with-crystal-glass-black-8901225061253,https://cdn.shopify.com/s/files/1/0643/8253/3718/files/8901225061253_5.jpg?v=1746783365,,,,,jpg,2026-08-26
img-b04809632d0d,preethi-ic-ic116,HERO_FRONT,EXACT_VERIFIED,https://www.shop.preethi.in/products/preethi-indicook-trendy-plus-ic-116,https://cdn.shopify.com/s/files/1/0643/8253/3718/files/ICTE3QF545VNUVTG_01.jpg?v=1782723906,,,,,jpg,2026-08-26
img-799c864d1ac6,preethi-ic-ic116,MARKETING_GRAPHIC,EXACT_VERIFIED,https://www.shop.preethi.in/products/preethi-indicook-trendy-plus-ic-116,https://cdn.shopify.com/s/files/1/0643/8253/3718/files/ICTE3QF545VNUVTG_05.jpg?v=1782723909,,,,,jpg,2026-08-26
img-040d78d58afa,preethi-ic-ic116,MARKETING_GRAPHIC,EXACT_VERIFIED,https://www.shop.preethi.in/products/preethi-indicook-trendy-plus-ic-116,https://cdn.shopify.com/s/files/1/0643/8253/3718/files/ICTE3QF545VNUVTG_02.jpg?v=1782723906,,,,,jpg,2026-08-26
img-5f3b3859288b,preethi-ic-ic116,MARKETING_GRAPHIC,EXACT_VERIFIED,https://www.shop.preethi.in/products/preethi-indicook-trendy-plus-ic-116,https://cdn.shopify.com/s/files/1/0643/8253/3718/files/ICTE3QF545VNUVTG_07.jpg?v=1782723905,,,,,jpg,2026-08-26
img-c7ca8ed53dc5,preethi-ic-ic116,MARKETING_GRAPHIC,EXACT_VERIFIED,https://www.shop.preethi.in/products/preethi-indicook-trendy-plus-ic-116,https://cdn.shopify.com/s/files/1/0643/8253/3718/files/ICTE3QF545VNUVTG_06.jpg?v=1782723906,,,,,jpg,2026-08-26
img-9132d5c5424b,preethi-ch-kh311,MARKETING_GRAPHIC,EXACT_VERIFIED,https://www.shop.preethi.in/products/preethi-chimney-auto-clean-wall-mounted-alcor-with-aluminium-duct-black-1350-90-cm-motion-sensor-operation-lifelong-free-service-kh311,https://cdn.shopify.com/s/files/1/0643/8253/3718/files/Preethi-chimney-alcor-with-aluminium-duct-kh-311-black-Specs_1.avif?v=1786616115,,,,,avif,2026-08-26
img-12ac45f0cd34,preethi-ch-kh311,ANGLE,EXACT_VERIFIED,https://www.shop.preethi.in/products/preethi-chimney-auto-clean-wall-mounted-alcor-with-aluminium-duct-black-1350-90-cm-motion-sensor-operation-lifelong-free-service-kh311,https://cdn.shopify.com/s/files/1/0643/8253/3718/files/Preethi-chimney-alcor-with-aluminium-duct-kh-311-black-Front-Left-View_1.avif?v=1786616114,,,,,avif,2026-08-26
img-5704251fa566,preethi-ch-kh317,MARKETING_GRAPHIC,EXACT_VERIFIED,https://www.shop.preethi.in/products/preethi-chimney-auto-clean-wall-mounted-alcor-with-aluminium-duct-black-1200-60-cm-voice-control-lifelong-free-service-kh317,https://cdn.shopify.com/s/files/1/0643/8253/3718/files/317-03.jpg?v=1786094110,,,,,jpg,2026-08-26
img-9144354427c3,preethi-ch-kh317,MARKETING_GRAPHIC,EXACT_VERIFIED,https://www.shop.preethi.in/products/preethi-chimney-auto-clean-wall-mounted-alcor-with-aluminium-duct-black-1200-60-cm-voice-control-lifelong-free-service-kh317,https://cdn.shopify.com/s/files/1/0643/8253/3718/files/317-04.jpg?v=1786094110,,,,,jpg,2026-08-26
img-af2ca1c5f7f6,preethi-ch-kh317,MARKETING_GRAPHIC,EXACT_VERIFIED,https://www.shop.preethi.in/products/preethi-chimney-auto-clean-wall-mounted-alcor-with-aluminium-duct-black-1200-60-cm-voice-control-lifelong-free-service-kh317,https://cdn.shopify.com/s/files/1/0643/8253/3718/files/317-05.jpg?v=1786094110,,,,,jpg,2026-08-26
img-0399c52a03c6,preethi-ch-kh317,MARKETING_GRAPHIC,EXACT_VERIFIED,https://www.shop.preethi.in/products/preethi-chimney-auto-clean-wall-mounted-alcor-with-aluminium-duct-black-1200-60-cm-voice-control-lifelong-free-service-kh317,https://cdn.shopify.com/s/files/1/0643/8253/3718/files/317-02.jpg?v=1786094110,,,,,jpg,2026-08-26
img-7d9b15f57105,preethi-pc-pc024,MARKETING_GRAPHIC,FAMILY_VERIFIED,https://www.shop.preethi.in/products/preethi-induction-base-outer-lid-aluminium-pressure-cooker-5-litres-spill-splash-shield-pc-024-8901225220247,https://cdn.shopify.com/s/files/1/0643/8253/3718/files/PC005_1a.jpg?v=1746783403,,,,,jpg,2026-08-26
img-e7fa28a26a9a,preethi-pc-pc024,MARKETING_GRAPHIC,FAMILY_VERIFIED,https://www.shop.preethi.in/products/preethi-induction-base-outer-lid-aluminium-pressure-cooker-5-litres-spill-splash-shield-pc-024-8901225220247,https://cdn.shopify.com/s/files/1/0643/8253/3718/files/PC005_2.jpg?v=1746783403,,,,,jpg,2026-08-26
img-e291840676f0,preethi-pc-pc024,MARKETING_GRAPHIC,FAMILY_VERIFIED,https://www.shop.preethi.in/products/preethi-induction-base-outer-lid-aluminium-pressure-cooker-5-litres-spill-splash-shield-pc-024-8901225220247,https://cdn.shopify.com/s/files/1/0643/8253/3718/files/PC005_3.jpg?v=1746783403,,,,,jpg,2026-08-26
img-651be7e2769b,preethi-pc-pc024,MARKETING_GRAPHIC,FAMILY_VERIFIED,https://www.shop.preethi.in/products/preethi-induction-base-outer-lid-aluminium-pressure-cooker-5-litres-spill-splash-shield-pc-024-8901225220247,https://cdn.shopify.com/s/files/1/0643/8253/3718/files/PC005_4.jpg?v=1746783403,,,,,jpg,2026-08-26
img-cee50e52279f,preethi-pc-pc024,MARKETING_GRAPHIC,FAMILY_VERIFIED,https://www.shop.preethi.in/products/preethi-induction-base-outer-lid-aluminium-pressure-cooker-5-litres-spill-splash-shield-pc-024-8901225220247,https://cdn.shopify.com/s/files/1/0643/8253/3718/files/PC005_5.jpg?v=1746783403,,,,,jpg,2026-08-26
img-737b52bd175f,preethi-cw-kadai26,MARKETING_GRAPHIC,EXACT_VERIFIED,https://www.shop.preethi.in/products/preethi-dura-collection-non-stick-kadai-26-cm-with-glass-lid-gas-induction-compatible-5-star-non-stick-effect-chilly-red-8901225360332,https://cdn.shopify.com/s/files/1/0643/8253/3718/files/8901225360332_2.jpg?v=1746783385,,,,,jpg,2026-08-26
img-8fa2fcf531b3,preethi-cw-kadai26,MARKETING_GRAPHIC,EXACT_VERIFIED,https://www.shop.preethi.in/products/preethi-dura-collection-non-stick-kadai-26-cm-with-glass-lid-gas-induction-compatible-5-star-non-stick-effect-chilly-red-8901225360332,https://cdn.shopify.com/s/files/1/0643/8253/3718/files/8901225360332_3.jpg?v=1746783385,,,,,jpg,2026-08-26
img-0e4637c16ecd,preethi-cw-kadai26,MARKETING_GRAPHIC,EXACT_VERIFIED,https://www.shop.preethi.in/products/preethi-dura-collection-non-stick-kadai-26-cm-with-glass-lid-gas-induction-compatible-5-star-non-stick-effect-chilly-red-8901225360332,https://cdn.shopify.com/s/files/1/0643/8253/3718/files/8901225360332_4.jpg?v=1746783385,,,,,jpg,2026-08-26
img-09e8031a9d69,preethi-cw-kadai26,MARKETING_GRAPHIC,EXACT_VERIFIED,https://www.shop.preethi.in/products/preethi-dura-collection-non-stick-kadai-26-cm-with-glass-lid-gas-induction-compatible-5-star-non-stick-effect-chilly-red-8901225360332,https://cdn.shopify.com/s/files/1/0643/8253/3718/files/8901225360332_6.jpg?v=1746783385,,,,,jpg,2026-08-26
img-b1b53f5c87d2,preethi-cw-csw037,HERO_FRONT,EXACT_VERIFIED,https://www.shop.preethi.in/products/preethi-csw-daily-ai-fryfan-nim-24-csw037,https://cdn.shopify.com/s/files/1/0643/8253/3718/files/1st8901225360370_1_48535dc8-7c47-42ff-b0ae-f69c16332ada.png?v=1746783627,,,,,png,2026-08-26
img-6086f881b363,preethi-cw-csw037,MARKETING_GRAPHIC,FAMILY_VERIFIED,https://www.shop.preethi.in/products/preethi-csw-daily-ai-fryfan-nim-24-csw037,https://cdn.shopify.com/s/files/1/0643/8253/3718/files/8901225360387_2.jpg?v=1746783627,,,,,jpg,2026-08-26
img-7bf2641f135a,preethi-cw-csw037,MARKETING_GRAPHIC,EXACT_VERIFIED,https://www.shop.preethi.in/products/preethi-csw-daily-ai-fryfan-nim-24-csw037,https://cdn.shopify.com/s/files/1/0643/8253/3718/files/8901225360370_3.jpg?v=1746783627,,,,,jpg,2026-08-26
img-4d478e2530a1,preethi-cw-csw037,MARKETING_GRAPHIC,EXACT_VERIFIED,https://www.shop.preethi.in/products/preethi-csw-daily-ai-fryfan-nim-24-csw037,https://cdn.shopify.com/s/files/1/0643/8253/3718/files/8901225360370_4.jpg?v=1746783628,,,,,jpg,2026-08-26
img-03053f05eee2,philips-fc-xu7100-01,MARKETING_GRAPHIC,EXACT_VERIFIED,https://www.home-appliances.philips/gb/en/p/XU7100_01,https://dam.versuni.com/transform/webp150x150/fcfb86e1-e57a-4a68-87a5-fb3b2dbd51c0/A1_XU7100_01_Clean_Station_1x1-tif.webp,,,,,webp,2026-08-26
img-ddd20f8fd5be,philips-fc-xu7100-01,FAMILY_GROUP,EXACT_VERIFIED,https://www.home-appliances.philips/gb/en/p/XU7100_01,https://dam.versuni.com/transform/webp150x150/224e552d-9a51-4201-8520-265014564296/PUP_XU7100_01_Set_1x1-tif.webp,,,,,webp,2026-08-26
img-62f48a99a5ed,philips-fc-xu7100-01,PRODUCT_IN_CONTEXT,EXACT_VERIFIED,https://www.home-appliances.philips/gb/en/p/XU7100_01,https://dam.versuni.com/transform/webp150x150/55ad07a3-f171-44b7-89e2-3aef224e3444/FC_2023_XU7100_01_wet_and_dry_1x1-tif.webp,,,,,webp,2026-08-26
img-d52b226f6966,philips-fc-xu7100-01,DETAIL_CONTROL,EXACT_VERIFIED,https://www.home-appliances.philips/gb/en/p/XU7100_01,https://dam.versuni.com/transform/webp150x150/c7f23de7-d14c-4947-92fe-e70252be14dd/FC_2023_XU7100_01_anti_allergy_1x1-tif.webp,,,,,webp,2026-08-26
img-89a54a1c395d,philips-fc-xw9383-01,DETAIL_CONTROL,EXACT_VERIFIED,https://www.home-appliances.philips/gb/en/p/XW9383_01,https://dam.versuni.com/transform/webp150x150/7810496f-a38c-428b-b7c1-1838abb1ee27/XW9383_XW9385_AquaSpinTechnology-tif.webp,,,,,webp,2026-08-26
img-6a72be2c15f2,philips-fc-xw9383-01,PRODUCT_IN_CONTEXT,EXACT_VERIFIED,https://www.home-appliances.philips/gb/en/p/XW9383_01,https://dam.versuni.com/transform/webp150x150/f0151d1d-1f76-486e-bd38-8ccefada88b4/XW9383_XW9385_DetachableHandheld-tif.webp,,,,,webp,2026-08-26
img-efed2f12dbe5,philips-fc-xw9383-01,PRODUCT_IN_CONTEXT,EXACT_VERIFIED,https://www.home-appliances.philips/gb/en/p/XW9383_01,https://dam.versuni.com/transform/webp150x150/7fca41a0-3625-4cf5-b8de-30d4e68e0fcd/XW9383_XW9385_MiniTurboBrush-tif.webp,,,,,webp,2026-08-26
img-6e559af970f0,philips-fc-xw9383-01,DETAIL_CONTROL,EXACT_VERIFIED,https://www.home-appliances.philips/gb/en/p/XW9383_01,https://dam.versuni.com/transform/webp150x150/223e1970-26fe-457f-829e-980bd0e1429f/XW9383_XW9385_DifferentTypesOfFloors-tif.webp,,,,,webp,2026-08-26
img-cdbf6f69b43d,philips-fc-fc6904-01,HERO_FRONT,EXACT_VERIFIED,https://www.home-appliances.philips/gb/en/p/FC6904_01,https://dam.versuni.com/transform/webp150x150/38733723-6d08-4c4a-8b09-99e54dd7dbf2/Standard-Product-Photo-Philips-SpeedPro-Max-Aqua-Cordless-Stick-vacuum-cleaner.webp,,,,,webp,2026-08-26
img-86cb7c7c93cc,philips-fc-fc6904-01,PRODUCT_IN_CONTEXT,EXACT_VERIFIED,https://www.home-appliances.philips/gb/en/p/FC6904_01,https://dam.versuni.com/transform/webp150x150/786af9fe-4acc-4254-9442-9b4429a263da/Product-in-Use-Photo-Philips-SpeedPro-Max-Aqua-Cordless-Stick-vacuum-cleaner.webp,,,,,webp,2026-08-26
img-357547f125c6,philips-fc-fc6904-01,ANGLE,EXACT_VERIFIED,https://www.home-appliances.philips/gb/en/p/FC6904_01,https://dam.versuni.com/transform/webp150x150/12d676dc-1f93-4779-b5c7-b05bf8e7cca5/Alternative-Product-Photograph-Philips-SpeedPro-Max-Aqua-Cordless-Stick-vacuum-cleaner.webp,,,,,webp,2026-08-26
img-4c083f7fadc3,philips-fc-fc6904-01,DETAIL_CONTROL,EXACT_VERIFIED,https://www.home-appliances.philips/gb/en/p/FC6904_01,https://dam.versuni.com/transform/webp150x150/ae2929f5-419d-4245-9ece-adece208df19/Product-Detail-Photograph-Philips-SpeedPro-Max-Aqua-Cordless-Stick-vacuum-cleaner.webp,,,,,webp,2026-08-26
img-569c1c9513a7,philips-fc-fc6904-01,PRODUCT_IN_CONTEXT,EXACT_VERIFIED,https://www.home-appliances.philips/gb/en/p/FC6904_01,https://dam.versuni.com/transform/webp150x150/c169403a-7a00-48ef-876f-24703ec8ddde/Emotional-Benefit-Photo-Philips-SpeedPro-Max-Aqua-Cordless-Stick-vacuum-cleaner.webp,,,,,webp,2026-08-26
img-5e8e98fcfeed,philips-fc-fc9729-09,PRODUCT_IN_CONTEXT,EXACT_VERIFIED,https://www.home-appliances.philips/gb/en/p/FC9729_09,https://dam.versuni.com/transform/webp150x150/32208ec6-4442-46a3-ae0a-8729d2515bea/Alternative-Product-Photograph-Philips-PowerPro-Expert-Bagless-vacuum-cleaner-FC9729_09.webp,,,,,webp,2026-08-26
img-429040f0330f,philips-fc-fc9729-09,ANGLE,EXACT_VERIFIED,https://www.home-appliances.philips/gb/en/p/FC9729_09,https://dam.versuni.com/transform/webp150x150/6dc0fc4d-aa9c-440b-be59-936cdd711d03/FC_2024_FC9729_09_A2_1x1-tif.webp,,,,,webp,2026-08-26
img-633e6277b589,philips-fc-fc9729-09,HERO_FRONT,EXACT_VERIFIED,https://www.home-appliances.philips/gb/en/p/FC9729_09,https://dam.versuni.com/transform/webp150x150/3a584289-731b-4dee-bd2f-49570961740a/FC_2024_FC9729_09_F_1x1-tif.webp,,,,,webp,2026-08-26
img-39c3ca894071,philips-fc-fc9729-09,PRODUCT_IN_CONTEXT,EXACT_VERIFIED,https://www.home-appliances.philips/gb/en/p/FC9729_09,https://dam.versuni.com/transform/webp150x150/1efe201e-6fdf-4bd3-91e4-96dec9febb9b/Product-in-Use-Photo-Philips-PowerPro-Expert-Bagless-vacuum-cleaner-FC9729_09.webp,,,,,webp,2026-08-26
img-b0d413743a8c,philips-fc-fc8577-09,HERO_FRONT,EXACT_VERIFIED,https://www.home-appliances.philips/hu/hu/p/FC8577_09,https://dam.versuni.com/transform/webp150x150/660ca9d6-f31c-441d-9393-9369774064b4/Standard-Product-Photo-Philips-Performer-Active-Bagged-vacuum-cleaner-FC8577_09.webp,,,,,webp,2026-08-26
img-969d14889dda,philips-fc-fc8577-09,ANGLE,EXACT_VERIFIED,https://www.home-appliances.philips/hu/hu/p/FC8577_09,https://dam.versuni.com/transform/webp150x150/3303cdfd-21f7-4c88-be64-7a6cf170ec46/Front-Product-Photo-Philips-Performer-Active-Bagged-vacuum-cleaner.webp,,,,,webp,2026-08-26
img-b66acbe5ead2,philips-fc-fc8577-09,SIDE_BACK,EXACT_VERIFIED,https://www.home-appliances.philips/hu/hu/p/FC8577_09,https://dam.versuni.com/transform/webp150x150/75c9205e-4768-4da5-a908-6283cd2ca20d/Alternative-Product-Photograph-Philips-Performer-Active-Bagged-vacuum-cleaner-FC8577_09.webp,,,,,webp,2026-08-26
img-d16ae7a3f9b7,philips-fc-fc8577-09,PRODUCT_IN_CONTEXT,EXACT_VERIFIED,https://www.home-appliances.philips/hu/hu/p/FC8577_09,https://dam.versuni.com/transform/webp150x150/50e5b6f1-2612-498d-a513-1ae032f490a9/Product-in-Use-Photo-Philips-Performer-Active-Bagged-vacuum-cleaner-FC8577_09.webp,,,,,webp,2026-08-26
img-1b74c6b8003e,philips-gc-gc215-20,MARKETING_GRAPHIC,EXACT_VERIFIED,https://www.philips.co.uk/c-p/GC215_20/philips-oneturn-handheld-steamers,https://images.philips.com/is/image/philipsconsumer/vrs_58a38684_4dbf_4a0a_9f29a937681f2f7c?wid=700&hei=700,,,,,png,2026-08-26
img-381470980cf9,philips-gc-gc215-20,MARKETING_GRAPHIC,EXACT_VERIFIED,https://www.philips.co.uk/c-p/GC215_20/philips-oneturn-handheld-steamers,https://images.philips.com/is/image/philipsconsumer/vrs_c11ef352_ce22_4eef_99696899f2eda9ed?wid=700&hei=700,,,,,png,2026-08-26
img-929e1e6ed21a,philips-gc-gc215-20,MARKETING_GRAPHIC,EXACT_VERIFIED,https://www.philips.co.uk/c-p/GC215_20/philips-oneturn-handheld-steamers,https://images.philips.com/is/image/philipsconsumer/vrs_08ee44df_514f_47e0_8d2beac69b0df1dd?wid=700&hei=700,,,,,png,2026-08-26
img-82d0903c5dad,philips-gc-gc215-20,MARKETING_GRAPHIC,EXACT_VERIFIED,https://www.philips.co.uk/c-p/GC215_20/philips-oneturn-handheld-steamers,https://images.philips.com/is/image/philipsconsumer/vrs_5296cb9c_a7ba_4ade_8e52072253093dc1?wid=700&hei=700,,,,,png,2026-08-26
img-14ec7a074118,philips-gc-gc9650-80,ANGLE,EXACT_VERIFIED,https://www.home-appliances.philips/gb/en/p/GC9650_80,https://dam.versuni.com/transform/webp150x150/49d488d3-14b6-4872-9b70-d7e73dacbf85/Alternative-Product-Photograph-Philips-PerfectCare-Elite-Steam-generator-iron.webp,,,,,webp,2026-08-26
img-b1cdc843316b,philips-gc-gc9650-80,PRODUCT_IN_CONTEXT,EXACT_VERIFIED,https://www.home-appliances.philips/gb/en/p/GC9650_80,https://dam.versuni.com/transform/webp150x150/846afba8-6af1-46bf-9153-a85ca195daac/Product-in-Use-Photo-Philips-PerfectCare-Elite-Steam-generator-iron.webp,,,,,webp,2026-08-26
img-2edd8086e7ee,philips-gc-gc9650-80,PRODUCT_IN_CONTEXT,EXACT_VERIFIED,https://www.home-appliances.philips/gb/en/p/GC9650_80,https://dam.versuni.com/transform/webp150x150/eb9bf0d1-6621-4e3d-a18f-45973f699b68/Main-in-use-photograph-Philips-PerfectCare-Elite-Steam-generator-iron.webp,,,,,webp,2026-08-26
img-f3e7c645ee0d,philips-gc-gc9682-86,ANGLE,EXACT_VERIFIED,https://www.home-appliances.philips/gb/en/p/GC9682_86,https://dam.versuni.com/transform/webp150x150/e0b624d5-bb63-4ab8-97d3-70122f62a069/Front-Product-Photo-Philips-PerfectCare-Elite-Plus-Steam-generator-iron.webp,,,,,webp,2026-08-26
img-0ae562e075b2,philips-gc-gc9682-86,DETAIL_CONTROL,EXACT_VERIFIED,https://www.home-appliances.philips/gb/en/p/GC9682_86,https://dam.versuni.com/transform/webp150x150/0a3e7e57-44f5-4afc-bd19-f43523f4a394/Product-Detail-Photograph-Philips-PerfectCare-Elite-Plus-Steam-generator-iron.webp,,,,,webp,2026-08-26
img-d8813d01c5f0,philips-gc-gc9682-86,DETAIL_CONTROL,EXACT_VERIFIED,https://www.home-appliances.philips/gb/en/p/GC9682_86,https://dam.versuni.com/transform/webp150x150/a10a42d4-2a25-4184-a737-bd94aff6cb38/Product-Detail-Photograph-Philips-PerfectCare-Elite-Plus-Steam-generator-iron-GC9682_86.webp,,,,,webp,2026-08-26
img-57f1114b26e2,philips-gc-gc9682-86,PRODUCT_IN_CONTEXT,EXACT_VERIFIED,https://www.home-appliances.philips/gb/en/p/GC9682_86,https://dam.versuni.com/transform/webp150x150/270622c8-2bf1-49b3-b4ce-6922eeb3f688/Product-in-Use-Photo-Philips-PerfectCare-Elite-Plus-Steam-generator-iron-GC9682_86.webp,,,,,webp,2026-08-26
img-dddc56b8e02a,philips-gc-gc628-86,UNREADABLE,EXACT_VERIFIED,https://www.philips.com/c-p/GC628_86/8000-series-garment-steamer,https://images.philips.com/is/image/philipsconsumer/ff2265cc6dc1401e8176ad8b008cddee?wid=900&hei=900&$pnglarge$,,,,,png,2026-08-26
img-3d7da5b5affe,walita-af-na150-00,ANGLE,EXACT_VERIFIED,https://www.walita.com.br/fritadeira-airfryer-serie-1000-duplo-cesto-7-1l-philips-walita-na150-na150-00/p,https://walitastore.vtexassets.com/arquivos/ids/162147/NA150_1.png.png?v=638793654271000000,,,,,png,2026-08-26
img-8d40c80147fb,walita-af-na150-00,MARKETING_GRAPHIC,EXACT_VERIFIED,https://www.walita.com.br/fritadeira-airfryer-serie-1000-duplo-cesto-7-1l-philips-walita-na150-na150-00/p,https://walitastore.vtexassets.com/arquivos/ids/162148/NA150_3.png.png?v=638793654271000000,,,,,png,2026-08-26
img-b8c68e6139f3,walita-af-na150-00,MARKETING_GRAPHIC,EXACT_VERIFIED,https://www.walita.com.br/fritadeira-airfryer-serie-1000-duplo-cesto-7-1l-philips-walita-na150-na150-00/p,https://walitastore.vtexassets.com/arquivos/ids/162149/NA150_4.png.png?v=638793654271170000,,,,,png,2026-08-26
img-f951831c6180,walita-af-na150-00,HERO_FRONT,EXACT_VERIFIED,https://www.walita.com.br/fritadeira-airfryer-serie-1000-duplo-cesto-7-1l-philips-walita-na150-na150-00/p,https://walitastore.vtexassets.com/arquivos/ids/162150/NA150_5.png.png?v=638793654271170000,,,,,png,2026-08-26
img-2f1f4524cf5c,walita-af-na150-00,MARKETING_GRAPHIC,EXACT_VERIFIED,https://www.walita.com.br/fritadeira-airfryer-serie-1000-duplo-cesto-7-1l-philips-walita-na150-na150-00/p,https://walitastore.vtexassets.com/arquivos/ids/162153/NA150_8.jpg.jpg?v=638793654271430000,,,,,jpg,2026-08-26
img-ca1a21fef816,walita-af-ri9270-90,ANGLE,EXACT_VERIFIED,https://www.walita.com.br/fritadeira-airfryer-essential-xl-digital-philips-walita-preta-2000w---ri9270-ri9270-90-preto/p,https://walitastore.vtexassets.com/arquivos/ids/160655/RI9270_2.png?v=638754803029130000,,,,,png,2026-08-26
img-246c9669482a,walita-af-ri9270-90,ANGLE,EXACT_VERIFIED,https://www.walita.com.br/fritadeira-airfryer-essential-xl-digital-philips-walita-preta-2000w---ri9270-ri9270-90-preto/p,https://walitastore.vtexassets.com/arquivos/ids/160657/RI9270_4.jpg?v=638754803029130000,,,,,jpg,2026-08-26
img-5a4985677b0a,walita-af-ri9270-90,PRODUCT_IN_CONTEXT,EXACT_VERIFIED,https://www.walita.com.br/fritadeira-airfryer-essential-xl-digital-philips-walita-preta-2000w---ri9270-ri9270-90-preto/p,https://walitastore.vtexassets.com/arquivos/ids/160658/RI9270_5.jpg?v=638754803029130000,,,,,jpg,2026-08-26
img-c223475ef41b,walita-af-ri9270-90,PRODUCT_IN_CONTEXT,EXACT_VERIFIED,https://www.walita.com.br/fritadeira-airfryer-essential-xl-digital-philips-walita-preta-2000w---ri9270-ri9270-90-preto/p,https://walitastore.vtexassets.com/arquivos/ids/160661/RI9270_8.jpg?v=638754803029300000,,,,,jpg,2026-08-26
img-ad8ed0b8d3f3,walita-af-ai551-09,DETAIL_CONTROL,EXACT_VERIFIED,https://www.walita.com.br/airfryer-forno-serie-5000-philips-walita-ai551-09/p,https://walitastore.vtexassets.com/arquivos/ids/161166/AI551_Painel_2.png?v=638759977957830000,,,,,png,2026-08-26
img-5b381cfdc2a6,walita-af-ai551-09,ANGLE,EXACT_VERIFIED,https://www.walita.com.br/airfryer-forno-serie-5000-philips-walita-ai551-09/p,https://walitastore.vtexassets.com/arquivos/ids/161169/AI551_Lateral_4.png?v=638759977958000000,,,,,png,2026-08-26
img-a7bc31c0cef0,walita-af-ai551-09,FAMILY_GROUP,EXACT_VERIFIED,https://www.walita.com.br/airfryer-forno-serie-5000-philips-walita-ai551-09/p,https://walitastore.vtexassets.com/arquivos/ids/161171/AI551_Acessorios_6.png?v=638759977958130000,,,,,png,2026-08-26
img-fe8a9a7f6ce1,walita-af-ai551-09,PRODUCT_IN_CONTEXT,EXACT_VERIFIED,https://www.walita.com.br/airfryer-forno-serie-5000-philips-walita-ai551-09/p,https://walitastore.vtexassets.com/arquivos/ids/161172/AI551_Ambientada_7.png?v=638759977958130000,,,,,png,2026-08-26
img-bf7842b5abea,walita-cf-ep4441-53,HERO_FRONT,EXACT_VERIFIED,https://www.walita.com.br/compre-cafeteira-superautomatica-lattego-serie-4400-ganhe-fritadeira-airfryer-serie-3000--/p,https://walitastore.vtexassets.com/arquivos/ids/161620/EP4441_20__2.png.png?v=638748768306000000,,,,,png,2026-08-26
img-6cb318e74f9a,walita-cf-ep4441-53,MARKETING_GRAPHIC,EXACT_VERIFIED,https://www.walita.com.br/compre-cafeteira-superautomatica-lattego-serie-4400-ganhe-fritadeira-airfryer-serie-3000--/p,https://walitastore.vtexassets.com/arquivos/ids/161622/EP4441_20__4.png.png?v=638748768306170000,,,,,png,2026-08-26
img-b0a276958d75,walita-cf-ep4441-53,ANGLE,EXACT_VERIFIED,https://www.walita.com.br/compre-cafeteira-superautomatica-lattego-serie-4400-ganhe-fritadeira-airfryer-serie-3000--/p,https://walitastore.vtexassets.com/arquivos/ids/161623/EP4441_20__5.png.png?v=638748768306170000,,,,,png,2026-08-26
img-bfdf021fa09f,walita-cf-ep4441-53,PRODUCT_IN_CONTEXT,EXACT_VERIFIED,https://www.walita.com.br/compre-cafeteira-superautomatica-lattego-serie-4400-ganhe-fritadeira-airfryer-serie-3000--/p,https://walitastore.vtexassets.com/arquivos/ids/161627/EP4441_20__9.png.png?v=638748768306330000,,,,,png,2026-08-26
img-47f737a12815,walita-fp-hr7304-90,HERO_FRONT,EXACT_VERIFIED,https://www.walita.com.br/multiprocessador-powerchop-1000-philips-walita-preto-1000w---6-acessorios-inclusos---hr7304/p,https://walitastore.vtexassets.com/arquivos/ids/160363/HR7304_Frente_2.png?v=638962420587570000,,,,,png,2026-08-26
img-71618e9f9fb0,walita-fp-hr7304-90,DETAIL_CONTROL,EXACT_VERIFIED,https://www.walita.com.br/multiprocessador-powerchop-1000-philips-walita-preto-1000w---6-acessorios-inclusos---hr7304/p,https://walitastore.vtexassets.com/arquivos/ids/161295/HR7304_Acessorio_3.png?v=638962420587700000,,,,,png,2026-08-26
img-06725affc8ff,walita-fp-hr7304-90,DETAIL_CONTROL,EXACT_VERIFIED,https://www.walita.com.br/multiprocessador-powerchop-1000-philips-walita-preto-1000w---6-acessorios-inclusos---hr7304/p,https://walitastore.vtexassets.com/arquivos/ids/161296/HR7304_Acessorio_4.png?v=638962420587870000,,,,,png,2026-08-26
img-9aff87405083,walita-fp-hr7304-90,MARKETING_GRAPHIC,EXACT_VERIFIED,https://www.walita.com.br/multiprocessador-powerchop-1000-philips-walita-preto-1000w---6-acessorios-inclusos---hr7304/p,https://walitastore.vtexassets.com/arquivos/ids/161302/HR7304_Caixa_10.png?v=638962420588170000,,,,,png,2026-08-26
img-5581931893a5,walita-vac-xc2011-01,FAMILY_GROUP,EXACT_VERIFIED,https://www.walita.com.br/aspirador-de-po-vertical-serie-2000-philips-21-6v-xc2011-xc2011-01/p,https://walitastore.vtexassets.com/arquivos/ids/161827/XC2011_2.png.png?v=638774072165230000,,,,,png,2026-08-26
img-47de2f73e3bb,walita-vac-xc2011-01,SIDE_BACK,EXACT_VERIFIED,https://www.walita.com.br/aspirador-de-po-vertical-serie-2000-philips-21-6v-xc2011-xc2011-01/p,https://walitastore.vtexassets.com/arquivos/ids/161828/XC2011_3.png.png?v=638774072165400000,,,,,png,2026-08-26
img-46da0cffe89f,walita-vac-xc2011-01,DETAIL_CONTROL,EXACT_VERIFIED,https://www.walita.com.br/aspirador-de-po-vertical-serie-2000-philips-21-6v-xc2011-xc2011-01/p,https://walitastore.vtexassets.com/arquivos/ids/161829/XC2011_4.png.png?v=638774072165400000,,,,,png,2026-08-26
img-1c0160f50d07,walita-vac-xc2011-01,PRODUCT_IN_CONTEXT,EXACT_VERIFIED,https://www.walita.com.br/aspirador-de-po-vertical-serie-2000-philips-21-6v-xc2011-xc2011-01/p,https://walitastore.vtexassets.com/arquivos/ids/161833/XC2011_9.png.png?v=638774072165700000,,,,,png,2026-08-26
img-09fd13939ec8,walita-hum-hu1510-04,ANGLE,EXACT_VERIFIED,https://www.walita.com.br/umidificador-de-ar-serie-1000-philips-bivolt-hu1510-04/p,https://walitastore.vtexassets.com/arquivos/ids/162649/HU1510_2.png?v=638926827382600000,,,,,png,2026-08-26
img-9d37629ef80e,walita-hum-hu1510-04,DETAIL_CONTROL,EXACT_VERIFIED,https://www.walita.com.br/umidificador-de-ar-serie-1000-philips-bivolt-hu1510-04/p,https://walitastore.vtexassets.com/arquivos/ids/162651/HU1510_4.png?v=638926827382730000,,,,,png,2026-08-26
img-14c38d84d34b,walita-hum-hu1510-04,MARKETING_GRAPHIC,EXACT_VERIFIED,https://www.walita.com.br/umidificador-de-ar-serie-1000-philips-bivolt-hu1510-04/p,https://walitastore.vtexassets.com/arquivos/ids/162652/HU1510_5.png?v=638926827382730000,,,,,png,2026-08-26
img-9b5cf2184247,walita-hum-hu1510-04,MARKETING_GRAPHIC,EXACT_VERIFIED,https://www.walita.com.br/umidificador-de-ar-serie-1000-philips-bivolt-hu1510-04/p,https://walitastore.vtexassets.com/arquivos/ids/162656/HU1510_9.png?v=638926827383070000,,,,,png,2026-08-26
img-a52b4d2ceddd,philips-air-ac1715-10-br,ANGLE,EXACT_VERIFIED,https://www.philips.com.br/c-p/AC1715_10/purificador-de-ar-serie-1000i,https://images.philips.com/is/image/philipsconsumer/vrs_a6ee3aeb_a39b_44fd_8ce9512dfe2ec181?$png$&wid=700&hei=700,,,,,png,2026-08-26
img-8705784ed193,philips-air-ac1715-10-br,DETAIL_CONTROL,EXACT_VERIFIED,https://www.philips.com.br/c-p/AC1715_10/purificador-de-ar-serie-1000i,https://images.philips.com/is/image/philipsconsumer/vrs_d1ecfab9_0146_40a7_ae9d4f601a4af805?$png$&wid=700&hei=700,,,,,png,2026-08-26
img-a824ffbe2256,philips-air-ac1715-10-br,MARKETING_GRAPHIC,EXACT_VERIFIED,https://www.philips.com.br/c-p/AC1715_10/purificador-de-ar-serie-1000i,https://images.philips.com/is/image/philipsconsumer/vrs_27f68f0e_892c_4378_8061169db7394ba6?$png$&wid=700&hei=700,,,,,png,2026-08-26
img-55efb9101e86,philips-air-ac1715-10-br,PRODUCT_IN_CONTEXT,EXACT_VERIFIED,https://www.philips.com.br/c-p/AC1715_10/purificador-de-ar-serie-1000i,https://images.philips.com/is/image/philipsconsumer/vrs_2dcb7eb3_2a92_424e_84eb7a2b7ceb9b66?$png$&wid=700&hei=700,,,,,png,2026-08-26
img-3c3f71c129a2,philips-air-ac0650-20,HERO_FRONT,FAMILY_VERIFIED,https://www.home-appliances.philips/gb/en/p/AC0650_20,https://dam.versuni.com/transform/webp1024x1024/3a18d878-bfa6-4fd8-8fdf-7ac70ba0802a/AC0650_30_RFT_Retail_RGB-jpg.webp,,,,,webp,2026-08-26
img-004b3262043d,philips-air-ac0650-20,ANGLE,FAMILY_VERIFIED,https://www.home-appliances.philips/gb/en/p/AC0650_20,https://dam.versuni.com/transform/webp150x150/eb3ca3e2-1dd3-4e7e-aaac-fd66525e3114/AC0650_30_F_Online_RGB-tif.webp,,,,,webp,2026-08-26
img-60b2224b3975,philips-air-ac0650-20,ANGLE,FAMILY_VERIFIED,https://www.home-appliances.philips/gb/en/p/AC0650_20,https://dam.versuni.com/transform/webp150x150/b9781eda-a7db-4808-9064-12952de7d9a3/AC0650_30_APS_Online_RGB-tif.webp,,,,,webp,2026-08-26
img-4ebf035f1dba,philips-air-ac0650-20,ANGLE,FAMILY_VERIFIED,https://www.home-appliances.philips/gb/en/p/AC0650_20,https://dam.versuni.com/transform/webp150x150/e3ccf367-7e60-4741-9e0a-f17bb408f4df/AC0650_30_A2_Online_RGB-tif.webp,,,,,webp,2026-08-26
img-02e5f0843b93,philips-air-ac0650-20,DETAIL_CONTROL,FAMILY_VERIFIED,https://www.home-appliances.philips/gb/en/p/AC0650_20,https://dam.versuni.com/transform/webp150x150/3afa0f25-359b-4061-b9ac-78f415dcfe69/AC0650_30_U1_Online_RGB-tif.webp,,,,,webp,2026-08-26
img-76d43ad9c302,philips-air-ac0651-10,MARKETING_GRAPHIC,EXACT_VERIFIED,https://www.home-appliances.philips/gb/en/p/AC0651_10,https://dam.versuni.com/transform/webp1024x1024/65ab8955-69d8-4f6e-a320-21b937f428e2/AC0651_3-manual-speeds_3500x1969-px-tif.webp,,,,,webp,2026-08-26
img-e787dd24f173,philips-air-ac0651-10,MARKETING_GRAPHIC,EXACT_VERIFIED,https://www.home-appliances.philips/gb/en/p/AC0651_10,https://dam.versuni.com/transform/webp1024x1024/69805413-1d38-4029-9bed-651814bd43eb/AC0651_Energy-efficient-design_3500x1969-px-tif.webp,,,,,webp,2026-08-26
img-2fb4b349b5ac,philips-air-ac0850-41,HERO_FRONT,EXACT_VERIFIED,https://www.usa.philips.com/c-p/AC0850_41/800i-series-compact-air-purifier,https://images.philips.com/is/image/philipsconsumer/vrs_6e5e423a_2ba1_4497_b899025b05d4c171?$png$&wid=410&hei=410&fit=constrain,,,,,png,2026-08-26
img-4184d4041c5b,philips-air-ac0850-41,ANGLE,EXACT_VERIFIED,https://www.usa.philips.com/c-p/AC0850_41/800i-series-compact-air-purifier,https://images.philips.com/is/image/philipsconsumer/vrs_0639df17_cca5_4cb2_8be9d9833bb489e1?$png$&wid=410&hei=410&fit=constrain,,,,,png,2026-08-26
img-8f34dabcd7cb,philips-air-ac0850-41,SIDE_BACK,EXACT_VERIFIED,https://www.usa.philips.com/c-p/AC0850_41/800i-series-compact-air-purifier,https://images.philips.com/is/image/philipsconsumer/vrs_8be5da24_75be_4bde_91fa21a8ee10f43c-1?$png$&wid=410&hei=410&fit=constrain,,,,,png,2026-08-26
img-5aea3df446d2,philips-air-ac0850-41,DETAIL_CONTROL,EXACT_VERIFIED,https://www.usa.philips.com/c-p/AC0850_41/800i-series-compact-air-purifier,https://images.philips.com/is/image/philipsconsumer/vrs_706c2f57_0391_4845_91502631db34f9fa?$png$&wid=410&hei=410&fit=constrain,,,,,png,2026-08-26
img-7cd0f3f5fb4b,philips-air-ac0920-10,ANGLE,EXACT_VERIFIED,https://www.home-appliances.philips/gb/en/p/AC0920_10,https://dam.versuni.com/transform/webp150x150/b849fc74-003b-4329-8158-4e5bb504932c/CC_2024_AC0920_10_A1_Fullframe-tif.webp,,,,,webp,2026-08-26
img-390987e139f1,philips-air-ac0920-10,DETAIL_CONTROL,EXACT_VERIFIED,https://www.home-appliances.philips/gb/en/p/AC0920_10,https://dam.versuni.com/transform/webp150x150/5883a9d7-2a19-458a-b87f-d4fab6fb4232/CC_2024_AC0920_10_A4_Fullframe-tif.webp,,,,,webp,2026-08-26
img-92b64ed2e629,philips-air-ac0920-10,MARKETING_GRAPHIC,EXACT_VERIFIED,https://www.home-appliances.philips/gb/en/p/AC0920_10,https://dam.versuni.com/transform/webp150x150/33887653-6783-4ba4-b198-b77599e08749/CC_2024_AC0920_10_TEC_1x1-tif.webp,,,,,webp,2026-08-26
img-b81bcc95a19d,philips-air-ac0920-10,MARKETING_GRAPHIC,EXACT_VERIFIED,https://www.home-appliances.philips/gb/en/p/AC0920_10,https://dam.versuni.com/transform/webp150x150/cda08dc8-3096-4f43-b653-e48b26089b0f/CC_2024_AC0920_10_FIM_1x1-tif.webp,,,,,webp,2026-08-26
img-dacb9f639c76,philips-air-ac0950-10,HERO_FRONT,EXACT_VERIFIED,https://www.home-appliances.philips/gb/en/p/AC0950_10,https://dam.versuni.com/transform/webp1024x1024/ca36dae9-2797-4864-b5d4-a395cb8d93e5/CC_2024_AC0950_10_RFT_Fullframe-tif.webp,,,,,webp,2026-08-26
img-9c174a91a8b8,philips-air-ac0950-10,ANGLE,EXACT_VERIFIED,https://www.home-appliances.philips/gb/en/p/AC0950_10,https://dam.versuni.com/transform/webp150x150/798c9713-36dc-4b89-a023-8acfe7620fe1/CC_2024_AC0950_10_A1_Fullframe-tif.webp,,,,,webp,2026-08-26
img-ccbd9033de73,philips-air-ac0950-10,DETAIL_CONTROL,EXACT_VERIFIED,https://www.home-appliances.philips/gb/en/p/AC0950_10,https://dam.versuni.com/transform/webp150x150/62463a2f-546f-45aa-a79e-e1199a74fcd4/CC_2024_AC0950_10_A4_Fullframe-tif.webp,,,,,webp,2026-08-26
img-5fb2d8bc80fd,philips-air-ac0950-10,MARKETING_GRAPHIC,EXACT_VERIFIED,https://www.home-appliances.philips/gb/en/p/AC0950_10,https://dam.versuni.com/transform/webp150x150/5e6a77b4-4100-47c5-a2cf-cb041b7ba9ec/CC_2024_AC0950_10_TEC_02_1x1-tif.webp,,,,,webp,2026-08-26
img-885ccb35b455,philips-air-ac0950-10,MARKETING_GRAPHIC,EXACT_VERIFIED,https://www.home-appliances.philips/gb/en/p/AC0950_10,https://dam.versuni.com/transform/webp150x150/2d4c3ff8-5527-4b19-ad49-875c97bb75a1/CC_2024_AC0950_10_FIM_1x1-tif.webp,,,,,webp,2026-08-26
img-5494613d839a,philips-air-ac0951-13,ANGLE,EXACT_VERIFIED,https://www.home-appliances.philips/gb/en/p/AC0951_13,https://dam.versuni.com/transform/webp150x150/a54b0c48-5c16-49d0-a2c7-90a3318f8002/CC_2024_AC0951_13_A1_Fullframe-tif.webp,,,,,webp,2026-08-26
img-22ee14f4906d,philips-air-ac0951-13,DETAIL_CONTROL,EXACT_VERIFIED,https://www.home-appliances.philips/gb/en/p/AC0951_13,https://dam.versuni.com/transform/webp150x150/b6fa7a35-fc5d-4a5f-aac3-d7dbb40a1f8a/CC_2024_AC0951_13_A4_Fullframe-tif.webp,,,,,webp,2026-08-26
img-b050ecc9c5a9,philips-air-ac0951-13,MARKETING_GRAPHIC,EXACT_VERIFIED,https://www.home-appliances.philips/gb/en/p/AC0951_13,https://dam.versuni.com/transform/webp150x150/a2706927-0671-4268-b29e-86d47ba72b05/CC_2024_AC0951_13_TEC_1x1-tif.webp,,,,,webp,2026-08-26
img-6547a84be951,philips-air-ac0951-13,MARKETING_GRAPHIC,EXACT_VERIFIED,https://www.home-appliances.philips/gb/en/p/AC0951_13,https://dam.versuni.com/transform/webp150x150/53684606-32b9-4602-803a-3e983418d21a/CC_2024_AC0951_13_FIM_1x1-tif.webp,,,,,webp,2026-08-26
img-150a6358d9b2,philips-air-ac1715-41,ANGLE,EXACT_VERIFIED,https://www.usa.philips.com/c-p/AC1715_41/1000i-series-air-purifier-for-medium-rooms,https://images.philips.com/is/image/philipsconsumer/vrs_6784d2e6_d4f8_448b_b49158d9c18970d1?$png$&wid=410&hei=410&fit=constrain,,,,,png,2026-08-26
img-388d67a79ce8,philips-air-ac1715-41,DETAIL_CONTROL,EXACT_VERIFIED,https://www.usa.philips.com/c-p/AC1715_41/1000i-series-air-purifier-for-medium-rooms,https://images.philips.com/is/image/philipsconsumer/vrs_831dedd1_57ca_487c_ad6eb1fc114645bd?$png$&wid=410&hei=410&fit=constrain,,,,,png,2026-08-26
img-984af114739f,philips-air-ac1715-41,MARKETING_GRAPHIC,EXACT_VERIFIED,https://www.usa.philips.com/c-p/AC1715_41/1000i-series-air-purifier-for-medium-rooms,https://images.philips.com/is/image/philipsconsumer/vrs_8fd92685_7112_40db_a9f8df567657e747?$png$&wid=410&hei=410&fit=constrain,,,,,png,2026-08-26
img-ad7614b4d2d8,philips-air-ac2889-40,HERO_FRONT,EXACT_VERIFIED,https://www.usa.philips.com/c-p/AC2889_40/2000i-series,https://images.philips.com/is/image/philipsconsumer/vrs_b2b531b2_7bc4_4a67_8c49ade198f5b72e?$png$&wid=410&hei=410&fit=constrain,,,,,png,2026-08-26
img-a5c81020d480,philips-air-ac2889-40,DETAIL_CONTROL,EXACT_VERIFIED,https://www.usa.philips.com/c-p/AC2889_40/2000i-series,https://images.philips.com/is/image/philipsconsumer/vrs_1c8fd9d8_4ba7_4d44_a4317a0171172834?$png$&wid=410&hei=410&fit=constrain,,,,,png,2026-08-26
img-7a9423138566,philips-air-ac2889-40,PRODUCT_IN_CONTEXT,EXACT_VERIFIED,https://www.usa.philips.com/c-p/AC2889_40/2000i-series,https://images.philips.com/is/image/philipsconsumer/vrs_ccac6e60_d04f_4e8e_9df5519859e70cea?$png$&wid=410&hei=410&fit=constrain,,,,,png,2026-08-26
img-7089eb21712a,philips-air-ac2889-40,PRODUCT_IN_CONTEXT,EXACT_VERIFIED,https://www.usa.philips.com/c-p/AC2889_40/2000i-series,https://images.philips.com/is/image/philipsconsumer/vrs_3f8c9894_c50e_416b_82a381ae7c9cf10f?$png$&wid=410&hei=410&fit=constrain,,,,,png,2026-08-26
img-6ad0ac0dd310,philips-air-ac2220-10,HERO_FRONT,EXACT_VERIFIED,https://www.home-appliances.philips/gb/en/p/AC2220_10,https://dam.versuni.com/transform/webp150x150/dd6bbae0-a105-4719-b973-68a9cfe7e777/CC_2025_AC2220_10_RFT.webp,,,,,webp,2026-08-26
img-41da793e9b66,philips-air-ac2220-10,ANGLE,EXACT_VERIFIED,https://www.home-appliances.philips/gb/en/p/AC2220_10,https://dam.versuni.com/transform/webp150x150/6e9e5551-6331-4e90-bd25-df4a569f6a2e/CC_2025_AC2220_10_A1.webp,,,,,webp,2026-08-26
img-dda83aef5f9f,philips-air-ac2220-10,DETAIL_CONTROL,EXACT_VERIFIED,https://www.home-appliances.philips/gb/en/p/AC2220_10,https://dam.versuni.com/transform/webp150x150/52893c74-5b26-48d4-9ceb-9354e86e6845/CC_2025_AC2220_10_A2.webp,,,,,webp,2026-08-26
img-eda213d730a1,philips-air-ac3033-73,ANGLE,EXACT_VERIFIED,https://www.philips.com.au/c-p/AC3033_73/3000i-series,https://images.philips.com/is/image/philipsconsumer/vrs_f177af86_e25b_40d2_83a0ce276081d29f?$png$&wid=410&hei=410&fit=constrain,,,,,png,2026-08-26
img-28bf4d633623,philips-air-ac3033-73,PRODUCT_IN_CONTEXT,EXACT_VERIFIED,https://www.philips.com.au/c-p/AC3033_73/3000i-series,https://images.philips.com/is/image/philipsconsumer/vrs_f7a56c59_9768_4167_b1ad914f22421b51?$png$&wid=410&hei=410&fit=constrain,,,,,png,2026-08-26
img-73b0062c6747,philips-air-ac3033-73,DETAIL_CONTROL,EXACT_VERIFIED,https://www.philips.com.au/c-p/AC3033_73/3000i-series,https://images.philips.com/is/image/philipsconsumer/vrs_e17fcf7a_9b2c_4ba6_8e6c876632c3ff06?$png$&wid=410&hei=410&fit=constrain,,,,,png,2026-08-26
img-59fed70fe5f8,philips-air-ac3220-10,ANGLE,EXACT_VERIFIED,https://www.home-appliances.philips/gb/en/p/AC3220_10,https://dam.versuni.com/transform/webp150x150/7465742d-6734-4354-ba83-fa0a0e3ab0cb/CC_2024_AC3220_10_A1_Fullframe-tif.webp,,,,,webp,2026-08-26
img-5ee1900c3c18,philips-air-ac3220-10,DETAIL_CONTROL,EXACT_VERIFIED,https://www.home-appliances.philips/gb/en/p/AC3220_10,https://dam.versuni.com/transform/webp150x150/eb446e57-4230-4704-91a3-53da211a1884/CC_2024_AC3220_10_A5_Fullframe-tif.webp,,,,,webp,2026-08-26
img-a98b333ddf9a,philips-air-ac3220-10,UNREADABLE,EXACT_VERIFIED,https://www.home-appliances.philips/gb/en/p/AC3220_10,https://dam.versuni.com/transform/webp150x150/28101acc5-f831-4266-919a-86aea768f540/CC_2024_AC3220_10_TEC_1x1-tif.webp,,,,,webp,2026-08-26
img-762e9d97e650,philips-air-ac3220-10,PRODUCT_IN_CONTEXT,EXACT_VERIFIED,https://www.home-appliances.philips/gb/en/p/AC3220_10,https://dam.versuni.com/transform/webp150x150/d9d65770-4e3b-4bf2-a908-cf4b250aa0eb/CC_2024_AC3220_10_FIM_1x1-tif.webp,,,,,webp,2026-08-26
img-2c69ba0851e8,philips-air-ac3420-10,ANGLE,EXACT_VERIFIED,https://www.home-appliances.philips/gb/en/p/AC3420_10,https://dam.versuni.com/transform/webp150x150/bc57b2df-e098-4911-a8d9-017759e387bd/CC_2024_AC3420_10_A1_Fullframe-tif.webp,,,,,webp,2026-08-26
img-f112d6b977cf,philips-air-ac3420-10,DETAIL_CONTROL,EXACT_VERIFIED,https://www.home-appliances.philips/gb/en/p/AC3420_10,https://dam.versuni.com/transform/webp150x150/53e4507d-3834-4b93-8c89-ff6c0b2760be/CC_2024_AC3420_10_A4_Fullframe-tif.webp,,,,,webp,2026-08-26
img-ed9e28c9bb70,philips-air-ac3420-10,MARKETING_GRAPHIC,EXACT_VERIFIED,https://www.home-appliances.philips/gb/en/p/AC3420_10,https://dam.versuni.com/transform/webp150x150/acaf1c34-3c04-4a53-9b4a-a76b8d0b2a30/CC_2024_AC3420_10_TEC_1x1-tif.webp,,,,,webp,2026-08-26
img-715cc72487bd,philips-air-ac3420-10,PRODUCT_IN_CONTEXT,EXACT_VERIFIED,https://www.home-appliances.philips/gb/en/p/AC3420_10,https://dam.versuni.com/transform/webp150x150/ac1e55eb-075c-4c15-a490-c77c40b2dd87/CC_2024_AC3420_10_FIM_Fullframe-tif.webp,,,,,webp,2026-08-26
img-efe5026b9408,philips-air-ac4220-12,DETAIL_CONTROL,EXACT_VERIFIED,https://www.philips.com.au/c-p/AC4220_12/smart-air-purifier,https://images.philips.com/is/image/philipsconsumer/vrs_0e7232a6_9972_4cfd_9c1ad8f8306800a5?$png$&wid=410&hei=410&fit=constrain,,,,,png,2026-08-26
img-3392965a94bd,philips-air-ac4220-12,PRODUCT_IN_CONTEXT,EXACT_VERIFIED,https://www.philips.com.au/c-p/AC4220_12/smart-air-purifier,https://images.philips.com/is/image/philipsconsumer/vrs_25b7bbd7_e9e6_4d38_a2df49a521ebf380?$png$&wid=410&hei=410&fit=constrain,,,,,png,2026-08-26
img-f3bba6c58a06,philips-air-ac4220-12,PRODUCT_IN_CONTEXT,EXACT_VERIFIED,https://www.philips.com.au/c-p/AC4220_12/smart-air-purifier,https://images.philips.com/is/image/philipsconsumer/vrs_b6248925_9571_4d3f_8a19e19f7f72edf4?$png$&wid=410&hei=410&fit=constrain,,,,,png,2026-08-26
img-4a2337447fd9,philips-air-amf220-15,PRODUCT_IN_CONTEXT,EXACT_VERIFIED,https://www.philips.co.za/c-p/AMF220_15/2000-series-3-in-1-purifier-fan-and-heater,https://images.philips.com/is/image/philipsconsumer/vrs_52432e6d_2442_49b7_83b031c4d3f23a47?wid=305&hei=173&$jpglarge$,,,,,jpg,2026-08-26
img-d1b6f8d93a5d,philips-air-amf220-15,DETAIL_CONTROL,EXACT_VERIFIED,https://www.philips.co.za/c-p/AMF220_15/2000-series-3-in-1-purifier-fan-and-heater,https://images.philips.com/is/image/philipsconsumer/vrs_37437d6b_abce_4cf5_a27e5e316dbf6c5f?wid=305&hei=173&$jpglarge$,,,,,jpg,2026-08-26
img-1acebf487e7b,philips-air-amf765-30,PRODUCT_IN_CONTEXT,FAMILY_VERIFIED,https://www.home-appliances.philips/gb/en/p/AMF765_30,https://dam.versuni.com/transform/webp150x150/460252d1-af89-45cd-ab6b-f92d29425cc2/CC_2026_AMF765_10_2-in-1-device_1x1.webp,,,,,webp,2026-08-26
img-d7a53950b060,philips-air-amf765-30,DETAIL_CONTROL,FAMILY_VERIFIED,https://www.home-appliances.philips/gb/en/p/AMF765_30,https://dam.versuni.com/transform/webp150x150/84a7011c-2a5a-4f69-b710-f524420c03f3/CC_2026_AMF765_10_Control_1x1.webp,,,,,webp,2026-08-26
img-75367251bb43,philips-air-amf765-30,MARKETING_GRAPHIC,FAMILY_VERIFIED,https://www.home-appliances.philips/gb/en/p/AMF765_30,https://dam.versuni.com/transform/webp150x150/1d9e5581-2be4-4d34-bcc9-be41c051ed27/CC_2026_AMF765_10_Dimensions_1x1.webp,,,,,webp,2026-08-26
img-ac80eff58f97,philips-air-amf870-35,ANGLE,EXACT_VERIFIED,https://www.home-appliances.philips/gb/en/p/AMF870_35,https://dam.versuni.com/transform/webp150x150/3fb551aa-ec8b-438a-9d41-d42e0e5f3b85/AMF870_35_APS_Online_RGB-tif.webp,,,,,webp,2026-08-26
img-1770c4266834,philips-air-amf870-35,ANGLE,EXACT_VERIFIED,https://www.home-appliances.philips/gb/en/p/AMF870_35,https://dam.versuni.com/transform/webp150x150/446eea68-7f29-400e-996c-ada78f1e4522/AMF870_35_A1_Print_CMYK-tif.webp,,,,,webp,2026-08-26
img-45a9aa378818,philips-air-amf870-35,MARKETING_GRAPHIC,FAMILY_VERIFIED,https://www.home-appliances.philips/gb/en/p/AMF870_35,https://dam.versuni.com/transform/webp150x150/e9d96605-3a4c-404f-9847-6c04de79500c/AMF870_15_TEC_Retail_RGB-jpg.webp,,,,,webp,2026-08-26
img-59b66c9d99a4,philips-air-amf870-35,PRODUCT_IN_CONTEXT,EXACT_VERIFIED,https://www.home-appliances.philips/gb/en/p/AMF870_35,https://dam.versuni.com/transform/webp150x150/8929f161-2f69-4b4e-b87a-097d73240e7e/AMF870_Product_in_situation_fullframe-jpg.webp,,,,,webp,2026-08-26
img-5e620a94fb58,philips-air-ac5659-40,ANGLE,EXACT_VERIFIED,https://www.usa.philips.com/c-p/AC5659_40/series-5000i-air-purifier,https://images.philips.com/is/image/philipsconsumer/vrs_5ae63a74_dd8f_4854_9ab609d92a5b79e7?$png$&wid=410&hei=410&fit=constrain,,,,,png,2026-08-26
img-5014cccad463,philips-air-ac5659-40,PRODUCT_IN_CONTEXT,EXACT_VERIFIED,https://www.usa.philips.com/c-p/AC5659_40/series-5000i-air-purifier,https://images.philips.com/is/image/philipsconsumer/vrs_535eb196_e9d4_4436_8eea641486ba3134?$png$&wid=410&hei=410&fit=constrain,,,,,png,2026-08-26
img-10480beba27d,philips-air-ac5659-40,DETAIL_CONTROL,EXACT_VERIFIED,https://www.usa.philips.com/c-p/AC5659_40/series-5000i-air-purifier,https://images.philips.com/is/image/philipsconsumer/vrs_939064a9_ef2a_4408_a6090e839ca23504?$png$&wid=410&hei=410&fit=constrain,,,,,png,2026-08-26
img-abc212e79659,walita-cf-ep5441-55,HERO_FRONT,EXACT_VERIFIED,https://web.archive.org/web/20260419054938/https://www.walita.com.br/cafeteira-espresso-automatica-serie-5400-philips-walita-preta-1400w---ep5441-ep5441-55-preto/p,https://web.archive.org/web/20230621001225im_/https://walitastore.vtexassets.com/arquivos/ids/159628-1200-auto,,,1000,1000,png,2026-08-27
