label_id,label_type,canonical_name,definition,scope,status,source_ids,rule_id,confidence_state,notes
ARCH_A1_DEDICATED_PURIFICATION,CAPABILITY,Dedicated Purification,Air treatment is the primary and only physical function.,philips-air-climate,RULE_DERIVED,,RULE-LENS-A-ARCHITECTURE,HIGH,
ARCH_A2_PURIFICATION_HUMIDIFICATION,CAPABILITY,Purification + Humidification,Air cleaning and moisture management are physically integrated.,philips-air-climate,RULE_DERIVED,,RULE-LENS-A-ARCHITECTURE,HIGH,
ARCH_A3_PURIFICATION_FAN,CAPABILITY,Purification + Fan,Clean-air function is integrated with comfort airflow.,philips-air-climate,RULE_DERIVED,,RULE-LENS-A-ARCHITECTURE,HIGH,
ARCH_A4_PURIFICATION_FAN_HEAT,CAPABILITY,Purification + Fan + Heat,Clean-air function is integrated into thermal comfort.,philips-air-climate,RULE_DERIVED,,RULE-LENS-A-ARCHITECTURE,HIGH,
INTEL_D0_MANUAL,INTELLIGENCE,Manual,User directly selects operating state; no meaningful environment-reactive automation.,philips-air-climate,RULE_DERIVED,,RULE-LENS-D-INTELLIGENCE,HIGH,
INTEL_D1_REACTIVE,INTELLIGENCE,Reactive,Product senses an environmental variable and automatically changes operation per a fixed rule.,philips-air-climate,RULE_DERIVED,,RULE-LENS-D-INTELLIGENCE,HIGH,
INTEL_D2_CONNECTED,INTELLIGENCE,Connected,Remote control / app / voice / external data access exists. Connected != intelligent.,philips-air-climate,RULE_DERIVED,,RULE-LENS-D-INTELLIGENCE,HIGH,
INTEL_D3_ADAPTIVE,INTELLIGENCE,Adaptive,System changes operation based on context/history/routine beyond a single immediate sensor threshold.,philips-air-climate,RULE_DERIVED,,RULE-LENS-D-INTELLIGENCE,HIGH,
DIGITAL_CONNECTIVITY,DIGITAL,Generic Wi-Fi/App Connectivity,Product exposes Wi-Fi or app-based remote control; specific named app not confirmed in spec text.,global,RULE_DERIVED,,RULE-DIGITAL-LAYER,HIGH,
FILTRATION,CAPABILITY,Filtration,Air-treatment capability: Filtration,philips-air-climate,RULE_DERIVED,,,HIGH,
PARTICLE_SENSING,CAPABILITY,Particle Sensing,Air-treatment capability: Particle Sensing,philips-air-climate,RULE_DERIVED,,,HIGH,
GAS_SENSING,CAPABILITY,Gas Sensing,Air-treatment capability: Gas Sensing,philips-air-climate,RULE_DERIVED,,,HIGH,
AIRFLOW,CAPABILITY,Airflow,Air-treatment capability: Airflow,philips-air-climate,RULE_DERIVED,,,HIGH,
AUTOMATION,CAPABILITY,Automation,Air-treatment capability: Automation,philips-air-climate,RULE_DERIVED,,,HIGH,
APP_CONTROL,CAPABILITY,App Control,Air-treatment capability: App Control,philips-air-climate,RULE_DERIVED,,,HIGH,
HUMIDIFICATION_CAP,CAPABILITY,Humidification,Air-treatment capability: Humidification,philips-air-climate,RULE_DERIVED,,,HIGH,
HEAT_CAP,CAPABILITY,Heat,Air-treatment capability: Heat,philips-air-climate,RULE_DERIVED,,,HIGH,
FAN_CAP,CAPABILITY,Fan,Air-treatment capability: Fan,philips-air-climate,RULE_DERIVED,,,HIGH,
JOB_KEEP_AIR_CLEANER,USER_JOB,Keep indoor air cleaner,Candidate user job for Air Treatment: Keep indoor air cleaner,philips-air-climate,CANDIDATE,,,LOW,
JOB_RESPOND_TO_POLLUTION,USER_JOB,Respond to pollution episodes,Candidate user job for Air Treatment: Respond to pollution episodes,philips-air-climate,CANDIDATE,,,LOW,
JOB_REDUCE_MONITORING_EFFORT,USER_JOB,Reduce effort of monitoring air,Candidate user job for Air Treatment: Reduce effort of monitoring air,philips-air-climate,CANDIDATE,,,LOW,
JOB_MAINTAIN_BEDROOM_CONDITIONS,USER_JOB,Maintain acceptable bedroom conditions,Candidate user job for Air Treatment: Maintain acceptable bedroom conditions,philips-air-climate,CANDIDATE,,,LOW,
JOB_MANAGE_EVENT_AIR,USER_JOB,Manage air during cooking/pollen/pet events,Candidate user job for Air Treatment: Manage air during cooking/pollen/pet events,philips-air-climate,CANDIDATE,,,LOW,
NEED_HEALTH_REASSURANCE,NEED,health-related reassurance,Candidate need (health-related) for Air Treatment: health-related reassurance,philips-air-climate,CANDIDATE,,,LOW,
NEED_COMFORT,NEED,comfort,Candidate need (emotional/perceptual) for Air Treatment: comfort,philips-air-climate,CANDIDATE,,,LOW,
NEED_TRUST,NEED,trust,Candidate need (emotional/perceptual) for Air Treatment: trust,philips-air-climate,CANDIDATE,,,LOW,
NEED_LOW_EFFORT,NEED,low effort,Candidate need (functional) for Air Treatment: low effort,philips-air-climate,CANDIDATE,,,LOW,
NEED_RELIABILITY,NEED,reliability,Candidate need (functional) for Air Treatment: reliability,philips-air-climate,CANDIDATE,,,LOW,
NEED_CONTROL,NEED,control,Candidate need (functional) for Air Treatment: control,philips-air-climate,CANDIDATE,,,LOW,
NEED_LOW_MAINTENANCE,NEED,low maintenance,Candidate need (economic) for Air Treatment: low maintenance,philips-air-climate,CANDIDATE,,,LOW,
NEED_LOW_DISRUPTION,NEED,low disruption,Candidate need (social/contextual) for Air Treatment: low disruption,philips-air-climate,CANDIDATE,,,LOW,
CTX_BEDROOM,CONTEXT,bedroom,Candidate usage context for Air Treatment: bedroom,philips-air-climate,CANDIDATE,,,LOW,
CTX_NIGHT,CONTEXT,night,Candidate usage context for Air Treatment: night,philips-air-climate,CANDIDATE,,,LOW,
CTX_COOKING,CONTEXT,cooking,Candidate usage context for Air Treatment: cooking,philips-air-climate,CANDIDATE,,,LOW,
CTX_URBAN_POLLUTION,CONTEXT,urban pollution,Candidate usage context for Air Treatment: urban pollution,philips-air-climate,CANDIDATE,,,LOW,
CTX_POLLEN_SEASON,CONTEXT,pollen season,Candidate usage context for Air Treatment: pollen season,philips-air-climate,CANDIDATE,,,LOW,
CTX_PET_HOUSEHOLD,CONTEXT,pet household,Candidate usage context for Air Treatment: pet household,philips-air-climate,CANDIDATE,,,LOW,
CTX_CHILDREN,CONTEXT,children,Candidate usage context for Air Treatment: children,philips-air-climate,CANDIDATE,,,LOW,
CTX_LARGE_ROOM,CONTEXT,large room,Candidate usage context for Air Treatment: large room,philips-air-climate,CANDIDATE,,,LOW,
CTX_SMALL_ROOM,CONTEXT,small room,Candidate usage context for Air Treatment: small room,philips-air-climate,CANDIDATE,,,LOW,
CTX_HIGH_OUTDOOR_PM,CONTEXT,high outdoor PM,Candidate usage context for Air Treatment: high outdoor PM,philips-air-climate,CANDIDATE,,,LOW,
CTX_LOW_VENTILATION,CONTEXT,low ventilation,Candidate usage context for Air Treatment: low ventilation,philips-air-climate,CANDIDATE,,,LOW,
TRIG_PM_SPIKE,TRIGGER,PM spike,Candidate trigger for Air Treatment: PM spike,philips-air-climate,CANDIDATE,,,LOW,
TRIG_ODOR_GAS_EVENT,TRIGGER,odor/gas event,Candidate trigger for Air Treatment: odor/gas event,philips-air-climate,CANDIDATE,,,LOW,
TRIG_COOKING,TRIGGER,cooking,Candidate trigger for Air Treatment: cooking,philips-air-climate,CANDIDATE,,,LOW,
TRIG_BEDTIME,TRIGGER,bedtime,Candidate trigger for Air Treatment: bedtime,philips-air-climate,CANDIDATE,,,LOW,
TRIG_POLLEN_ALERT,TRIGGER,pollen alert,Candidate trigger for Air Treatment: pollen alert,philips-air-climate,CANDIDATE,,,LOW,
TRIG_VISITOR_ARRIVAL,TRIGGER,visitor arrival,Candidate trigger for Air Treatment: visitor arrival,philips-air-climate,CANDIDATE,,,LOW,
TRIG_PET_ACTIVITY,TRIGGER,pet activity,Candidate trigger for Air Treatment: pet activity,philips-air-climate,CANDIDATE,,,LOW,
TRIG_OUTDOOR_POLLUTION_EVENT,TRIGGER,outdoor pollution event,Candidate trigger for Air Treatment: outdoor pollution event,philips-air-climate,CANDIDATE,,,LOW,
BEH_RUNS_CONTINUOUSLY,BEHAVIOR,runs continuously,Candidate user behavior for Air Treatment: runs continuously,philips-air-climate,CANDIDATE,,,LOW,
BEH_LOWERS_FAN_SPEED,BEHAVIOR,lowers fan speed,Candidate user behavior for Air Treatment: lowers fan speed,philips-air-climate,CANDIDATE,,,LOW,
BEH_USES_AUTO_MODE,BEHAVIOR,uses auto mode,Candidate user behavior for Air Treatment: uses auto mode,philips-air-climate,CANDIDATE,,,LOW,
BEH_SWITCHES_OFF_AT_NIGHT,BEHAVIOR,switches off at night,Candidate user behavior for Air Treatment: switches off at night,philips-air-climate,CANDIDATE,,,LOW,
BEH_MOVES_PRODUCT_BETWEEN_ROOMS,BEHAVIOR,moves product between rooms,Candidate user behavior for Air Treatment: moves product between rooms,philips-air-climate,CANDIDATE,,,LOW,
BEH_CHECKS_APP,BEHAVIOR,checks app,Candidate user behavior for Air Treatment: checks app,philips-air-climate,CANDIDATE,,,LOW,
BEH_IGNORES_FILTER_REMINDER,BEHAVIOR,ignores filter reminder,Candidate user behavior for Air Treatment: ignores filter reminder,philips-air-climate,CANDIDATE,,,LOW,
BEH_REPLACES_FILTER,BEHAVIOR,replaces filter,Candidate user behavior for Air Treatment: replaces filter,philips-air-climate,CANDIDATE,,,LOW,
BEH_OPENS_WINDOW_INSTEAD,BEHAVIOR,opens window instead,Candidate user behavior for Air Treatment: opens window instead,philips-air-climate,CANDIDATE,,,LOW,
BEH_USES_ANOTHER_CLIMATE_DEVICE,BEHAVIOR,uses another climate device,Candidate user behavior for Air Treatment: uses another climate device,philips-air-climate,CANDIDATE,,,LOW,
FRIC_NOISE,FRICTION,noise,Candidate friction for Air Treatment: noise,philips-air-climate,CANDIDATE,,,LOW,
FRIC_FILTER_COST,FRICTION,filter cost,Candidate friction for Air Treatment: filter cost,philips-air-climate,CANDIDATE,,,LOW,
FRIC_MAINTENANCE,FRICTION,maintenance,Candidate friction for Air Treatment: maintenance,philips-air-climate,CANDIDATE,,,LOW,
FRIC_ENERGY_CONCERN,FRICTION,energy concern,Candidate friction for Air Treatment: energy concern,philips-air-climate,CANDIDATE,,,LOW,
FRIC_SENSOR_DISTRUST,FRICTION,sensor distrust,Candidate friction for Air Treatment: sensor distrust,philips-air-climate,CANDIDATE,,,LOW,
FRIC_UNCLEAR_EFFECTIVENESS,FRICTION,unclear effectiveness,Candidate friction for Air Treatment: unclear effectiveness,philips-air-climate,CANDIDATE,,,LOW,
FRIC_VISUAL_INTRUSION,FRICTION,visual intrusion,Candidate friction for Air Treatment: visual intrusion,philips-air-climate,CANDIDATE,,,LOW,
FRIC_FOOTPRINT,FRICTION,footprint,Candidate friction for Air Treatment: footprint,philips-air-climate,CANDIDATE,,,LOW,
FRIC_CONFUSING_CONTROLS,FRICTION,confusing controls,Candidate friction for Air Treatment: confusing controls,philips-air-climate,CANDIDATE,,,LOW,
FRIC_APP_DEPENDENCY,FRICTION,app dependency,Candidate friction for Air Treatment: app dependency,philips-air-climate,CANDIDATE,,,LOW,
OUT_LOWER_MEASURED_INDOOR_PARTICLE_CONCENTRATION,HEALTH_RELATED_OUTCOME,lower measured indoor particle concentration,Candidate outcome for Air Treatment: lower measured indoor particle concentration -- health-related; requires a specific study before being treated as established.,philips-air-climate,CANDIDATE,,,LOW,
OUT_LOWER_EXPOSURE_WHERE_SUPPORTED,HEALTH_RELATED_OUTCOME,lower exposure where supported,Candidate outcome for Air Treatment: lower exposure where supported -- health-related; requires a specific study before being treated as established.,philips-air-climate,CANDIDATE,,,LOW,
OUT_IMPROVED_PERCEIVED_AIR_QUALITY,OUTCOME,improved perceived air quality,Candidate outcome for Air Treatment: improved perceived air quality,philips-air-climate,CANDIDATE,,,LOW,
OUT_HIGHER_TRUST,OUTCOME,higher trust,Candidate outcome for Air Treatment: higher trust,philips-air-climate,CANDIDATE,,,LOW,
OUT_HIGHER_ADHERENCE,OUTCOME,higher adherence,Candidate outcome for Air Treatment: higher adherence,philips-air-climate,CANDIDATE,,,LOW,
OUT_REDUCED_MANAGEMENT_EFFORT,OUTCOME,reduced management effort,Candidate outcome for Air Treatment: reduced management effort,philips-air-climate,CANDIDATE,,,LOW,
OUT_LOWER_DISRUPTION,OUTCOME,lower disruption,Candidate outcome for Air Treatment: lower disruption,philips-air-climate,CANDIDATE,,,LOW,
COFFEE_JOB_0,USER_JOB,Make a satisfying coffee quickly,Candidate user job: Make a satisfying coffee quickly,COFFEE,CANDIDATE,,,LOW,
COFFEE_JOB_1,USER_JOB,Get consistent results without barista skill,Candidate user job: Get consistent results without barista skill,COFFEE,CANDIDATE,,,LOW,
COFFEE_JOB_2,USER_JOB,Try different coffee styles,Candidate user job: Try different coffee styles,COFFEE,CANDIDATE,,,LOW,
COFFEE_JOB_3,USER_JOB,Reduce daily effort and mess,Candidate user job: Reduce daily effort and mess,COFFEE,CANDIDATE,,,LOW,
COFFEE_JOB_4,USER_JOB,Serve guests confidently,Candidate user job: Serve guests confidently,COFFEE,CANDIDATE,,,LOW,
COFFEE_NEED_0,NEED,ritual/routine,Candidate need: ritual/routine,COFFEE,CANDIDATE,,,LOW,
COFFEE_NEED_1,NEED,quality consistency,Candidate need: quality consistency,COFFEE,CANDIDATE,,,LOW,
COFFEE_NEED_2,NEED,low effort,Candidate need: low effort,COFFEE,CANDIDATE,,,LOW,
COFFEE_NEED_3,NEED,trust in the machine,Candidate need: trust in the machine,COFFEE,CANDIDATE,,,LOW,
COFFEE_NEED_4,NEED,control over strength/milk,Candidate need: control over strength/milk,COFFEE,CANDIDATE,,,LOW,
COFFEE_CTX_0,CONTEXT,morning routine,Candidate context: morning routine,COFFEE,CANDIDATE,,,LOW,
COFFEE_CTX_1,CONTEXT,after meals,Candidate context: after meals,COFFEE,CANDIDATE,,,LOW,
COFFEE_CTX_2,CONTEXT,guests visiting,Candidate context: guests visiting,COFFEE,CANDIDATE,,,LOW,
COFFEE_CTX_3,CONTEXT,home office,Candidate context: home office,COFFEE,CANDIDATE,,,LOW,
COFFEE_CTX_4,CONTEXT,weekend leisure,Candidate context: weekend leisure,COFFEE,CANDIDATE,,,LOW,
COFFEE_TRIG_0,TRIGGER,waking up,Candidate trigger: waking up,COFFEE,CANDIDATE,,,LOW,
COFFEE_TRIG_1,TRIGGER,post-meal craving,Candidate trigger: post-meal craving,COFFEE,CANDIDATE,,,LOW,
COFFEE_TRIG_2,TRIGGER,guest arrival,Candidate trigger: guest arrival,COFFEE,CANDIDATE,,,LOW,
COFFEE_TRIG_3,TRIGGER,afternoon energy dip,Candidate trigger: afternoon energy dip,COFFEE,CANDIDATE,,,LOW,
COFFEE_BEH_0,BEHAVIOR,uses default programmed drink,Candidate behavior: uses default programmed drink,COFFEE,CANDIDATE,,,LOW,
COFFEE_BEH_1,BEHAVIOR,adjusts grind/strength occasionally,Candidate behavior: adjusts grind/strength occasionally,COFFEE,CANDIDATE,,,LOW,
COFFEE_BEH_2,BEHAVIOR,descales when prompted,Candidate behavior: descales when prompted,COFFEE,CANDIDATE,,,LOW,
COFFEE_BEH_3,BEHAVIOR,cleans milk system,Candidate behavior: cleans milk system,COFFEE,CANDIDATE,,,LOW,
COFFEE_BEH_4,BEHAVIOR,rarely tries new recipes,Candidate behavior: rarely tries new recipes,COFFEE,CANDIDATE,,,LOW,
COFFEE_FRIC_0,FRICTION,descaling,Candidate friction: descaling,COFFEE,CANDIDATE,,,LOW,
COFFEE_FRIC_1,FRICTION,bean/capsule/pod cost,Candidate friction: bean/capsule/pod cost,COFFEE,CANDIDATE,,,LOW,
COFFEE_FRIC_2,FRICTION,milk system cleaning,Candidate friction: milk system cleaning,COFFEE,CANDIDATE,,,LOW,
COFFEE_FRIC_3,FRICTION,noise,Candidate friction: noise,COFFEE,CANDIDATE,,,LOW,
COFFEE_FRIC_4,FRICTION,counter footprint,Candidate friction: counter footprint,COFFEE,CANDIDATE,,,LOW,
COFFEE_OUT_0,OUTCOME,consistent cup quality,Candidate outcome: consistent cup quality,COFFEE,CANDIDATE,,,LOW,
COFFEE_OUT_1,OUTCOME,time saved vs manual brewing,Candidate outcome: time saved vs manual brewing,COFFEE,CANDIDATE,,,LOW,
COFFEE_OUT_2,OUTCOME,higher satisfaction than instant coffee,Candidate outcome: higher satisfaction than instant coffee,COFFEE,CANDIDATE,,,LOW,
COFFEE_OUT_3,OUTCOME,reduced out-of-home coffee spend,Candidate outcome: reduced out-of-home coffee spend,COFFEE,CANDIDATE,,,LOW,
FOOD_JOB_0,USER_JOB,Cook meals faster,Candidate user job: Cook meals faster,FOOD,CANDIDATE,,,LOW,
FOOD_JOB_1,USER_JOB,Reduce oil/fat in cooking,Candidate user job: Reduce oil/fat in cooking,FOOD,CANDIDATE,,,LOW,
FOOD_JOB_2,USER_JOB,Prepare food with less manual effort,Candidate user job: Prepare food with less manual effort,FOOD,CANDIDATE,,,LOW,
FOOD_JOB_3,USER_JOB,Achieve consistent results,Candidate user job: Achieve consistent results,FOOD,CANDIDATE,,,LOW,
FOOD_JOB_4,USER_JOB,Expand recipe variety,Candidate user job: Expand recipe variety,FOOD,CANDIDATE,,,LOW,
FOOD_NEED_0,NEED,health-conscious eating,Candidate need: health-conscious eating,FOOD,CANDIDATE,,,LOW,
FOOD_NEED_1,NEED,time saving,Candidate need: time saving,FOOD,CANDIDATE,,,LOW,
FOOD_NEED_2,NEED,low effort,Candidate need: low effort,FOOD,CANDIDATE,,,LOW,
FOOD_NEED_3,NEED,confidence in results,Candidate need: confidence in results,FOOD,CANDIDATE,,,LOW,
FOOD_NEED_4,NEED,easy cleanup,Candidate need: easy cleanup,FOOD,CANDIDATE,,,LOW,
FOOD_CTX_0,CONTEXT,weeknight dinner,Candidate context: weeknight dinner,FOOD,CANDIDATE,,,LOW,
FOOD_CTX_1,CONTEXT,breakfast rush,Candidate context: breakfast rush,FOOD,CANDIDATE,,,LOW,
FOOD_CTX_2,CONTEXT,batch cooking,Candidate context: batch cooking,FOOD,CANDIDATE,,,LOW,
FOOD_CTX_3,CONTEXT,entertaining guests,Candidate context: entertaining guests,FOOD,CANDIDATE,,,LOW,
FOOD_CTX_4,CONTEXT,snacking,Candidate context: snacking,FOOD,CANDIDATE,,,LOW,
FOOD_TRIG_0,TRIGGER,hunger/mealtime,Candidate trigger: hunger/mealtime,FOOD,CANDIDATE,,,LOW,
FOOD_TRIG_1,TRIGGER,new recipe discovery,Candidate trigger: new recipe discovery,FOOD,CANDIDATE,,,LOW,
FOOD_TRIG_2,TRIGGER,health goal,Candidate trigger: health goal,FOOD,CANDIDATE,,,LOW,
FOOD_TRIG_3,TRIGGER,guests arriving,Candidate trigger: guests arriving,FOOD,CANDIDATE,,,LOW,
FOOD_BEH_0,BEHAVIOR,uses preset programs,Candidate behavior: uses preset programs,FOOD,CANDIDATE,,,LOW,
FOOD_BEH_1,BEHAVIOR,checks food partway through,Candidate behavior: checks food partway through,FOOD,CANDIDATE,,,LOW,
FOOD_BEH_2,BEHAVIOR,cleans basket/jug/jars after use,Candidate behavior: cleans basket/jug/jars after use,FOOD,CANDIDATE,,,LOW,
FOOD_BEH_3,BEHAVIOR,follows online recipes,Candidate behavior: follows online recipes,FOOD,CANDIDATE,,,LOW,
FOOD_BEH_4,BEHAVIOR,batch-preps,Candidate behavior: batch-preps,FOOD,CANDIDATE,,,LOW,
FOOD_FRIC_0,FRICTION,cleaning baskets/blades/jars,Candidate friction: cleaning baskets/blades/jars,FOOD,CANDIDATE,,,LOW,
FOOD_FRIC_1,FRICTION,noise,Candidate friction: noise,FOOD,CANDIDATE,,,LOW,
FOOD_FRIC_2,FRICTION,counter space,Candidate friction: counter space,FOOD,CANDIDATE,,,LOW,
FOOD_FRIC_3,FRICTION,learning curve,Candidate friction: learning curve,FOOD,CANDIDATE,,,LOW,
FOOD_FRIC_4,FRICTION,capacity limits for families,Candidate friction: capacity limits for families,FOOD,CANDIDATE,,,LOW,
FOOD_OUT_0,OUTCOME,faster meal prep,Candidate outcome: faster meal prep,FOOD,CANDIDATE,,,LOW,
FOOD_OUT_1,OUTCOME,lower-fat results where applicable,Candidate outcome: lower-fat results where applicable,FOOD,CANDIDATE,,,LOW,
FOOD_OUT_2,OUTCOME,more recipe variety,Candidate outcome: more recipe variety,FOOD,CANDIDATE,,,LOW,
FOOD_OUT_3,OUTCOME,reduced takeout reliance,Candidate outcome: reduced takeout reliance,FOOD,CANDIDATE,,,LOW,
FLOOR_JOB_0,USER_JOB,Keep floors clean with less effort,Candidate user job: Keep floors clean with less effort,FLOOR,CANDIDATE,,,LOW,
FLOOR_JOB_1,USER_JOB,Avoid manual vacuuming/mopping,Candidate user job: Avoid manual vacuuming/mopping,FLOOR,CANDIDATE,,,LOW,
FLOOR_JOB_2,USER_JOB,Manage pet hair,Candidate user job: Manage pet hair,FLOOR,CANDIDATE,,,LOW,
FLOOR_JOB_3,USER_JOB,Maintain hygiene,Candidate user job: Maintain hygiene,FLOOR,CANDIDATE,,,LOW,
FLOOR_JOB_4,USER_JOB,Free up personal time,Candidate user job: Free up personal time,FLOOR,CANDIDATE,,,LOW,
FLOOR_NEED_0,NEED,low effort,Candidate need: low effort,FLOOR,CANDIDATE,,,LOW,
FLOOR_NEED_1,NEED,trust the device works unattended,Candidate need: trust the device works unattended,FLOOR,CANDIDATE,,,LOW,
FLOOR_NEED_2,NEED,reliability,Candidate need: reliability,FLOOR,CANDIDATE,,,LOW,
FLOOR_NEED_3,NEED,low maintenance,Candidate need: low maintenance,FLOOR,CANDIDATE,,,LOW,
FLOOR_NEED_4,NEED,cleanliness confidence,Candidate need: cleanliness confidence,FLOOR,CANDIDATE,,,LOW,
FLOOR_CTX_0,CONTEXT,daily upkeep,Candidate context: daily upkeep,FLOOR,CANDIDATE,,,LOW,
FLOOR_CTX_1,CONTEXT,pet households,Candidate context: pet households,FLOOR,CANDIDATE,,,LOW,
FLOOR_CTX_2,CONTEXT,allergy-sensitive homes,Candidate context: allergy-sensitive homes,FLOOR,CANDIDATE,,,LOW,
FLOOR_CTX_3,CONTEXT,multi-room homes,Candidate context: multi-room homes,FLOOR,CANDIDATE,,,LOW,
FLOOR_CTX_4,CONTEXT,before guests arrive,Candidate context: before guests arrive,FLOOR,CANDIDATE,,,LOW,
FLOOR_TRIG_0,TRIGGER,visible mess,Candidate trigger: visible mess,FLOOR,CANDIDATE,,,LOW,
FLOOR_TRIG_1,TRIGGER,scheduled cleaning time,Candidate trigger: scheduled cleaning time,FLOOR,CANDIDATE,,,LOW,
FLOOR_TRIG_2,TRIGGER,pet shedding season,Candidate trigger: pet shedding season,FLOOR,CANDIDATE,,,LOW,
FLOOR_TRIG_3,TRIGGER,guests arriving soon,Candidate trigger: guests arriving soon,FLOOR,CANDIDATE,,,LOW,
FLOOR_BEH_0,BEHAVIOR,schedules automatic runs,Candidate behavior: schedules automatic runs,FLOOR,CANDIDATE,,,LOW,
FLOOR_BEH_1,BEHAVIOR,empties dustbin/station,Candidate behavior: empties dustbin/station,FLOOR,CANDIDATE,,,LOW,
FLOOR_BEH_2,BEHAVIOR,manually spot-cleans,Candidate behavior: manually spot-cleans,FLOOR,CANDIDATE,,,LOW,
FLOOR_BEH_3,BEHAVIOR,moves obstacles for robot,Candidate behavior: moves obstacles for robot,FLOOR,CANDIDATE,,,LOW,
FLOOR_BEH_4,BEHAVIOR,replaces brushes/filters,Candidate behavior: replaces brushes/filters,FLOOR,CANDIDATE,,,LOW,
FLOOR_FRIC_0,FRICTION,emptying/cleaning station,Candidate friction: emptying/cleaning station,FLOOR,CANDIDATE,,,LOW,
FLOOR_FRIC_1,FRICTION,brush hair tangle,Candidate friction: brush hair tangle,FLOOR,CANDIDATE,,,LOW,
FLOOR_FRIC_2,FRICTION,navigation errors,Candidate friction: navigation errors,FLOOR,CANDIDATE,,,LOW,
FLOOR_FRIC_3,FRICTION,noise,Candidate friction: noise,FLOOR,CANDIDATE,,,LOW,
FLOOR_FRIC_4,FRICTION,cost of consumables (bags/filters),Candidate friction: cost of consumables (bags/filters),FLOOR,CANDIDATE,,,LOW,
FLOOR_OUT_0,OUTCOME,cleaner floors with less manual work,Candidate outcome: cleaner floors with less manual work,FLOOR,CANDIDATE,,,LOW,
FLOOR_OUT_1,OUTCOME,more free time,Candidate outcome: more free time,FLOOR,CANDIDATE,,,LOW,
FLOOR_OUT_2,OUTCOME,reduced allergen/dust levels,Candidate outcome: reduced allergen/dust levels,FLOOR,CANDIDATE,,,LOW,
FLOOR_OUT_3,OUTCOME,consistent upkeep,Candidate outcome: consistent upkeep,FLOOR,CANDIDATE,,,LOW,
GARMENT_JOB_0,USER_JOB,De-wrinkle clothes quickly,Candidate user job: De-wrinkle clothes quickly,GARMENT,CANDIDATE,,,LOW,
GARMENT_JOB_1,USER_JOB,Avoid ironing board hassle,Candidate user job: Avoid ironing board hassle,GARMENT,CANDIDATE,,,LOW,
GARMENT_JOB_2,USER_JOB,Refresh clothes without washing,Candidate user job: Refresh clothes without washing,GARMENT,CANDIDATE,,,LOW,
GARMENT_JOB_3,USER_JOB,Prepare clothes for the day or an event,Candidate user job: Prepare clothes for the day or an event,GARMENT,CANDIDATE,,,LOW,
GARMENT_JOB_4,USER_JOB,Care for delicate fabrics safely,Candidate user job: Care for delicate fabrics safely,GARMENT,CANDIDATE,,,LOW,
GARMENT_NEED_0,NEED,time saving,Candidate need: time saving,GARMENT,CANDIDATE,,,LOW,
GARMENT_NEED_1,NEED,low effort,Candidate need: low effort,GARMENT,CANDIDATE,,,LOW,
GARMENT_NEED_2,NEED,fabric safety / no-burn trust,Candidate need: fabric safety / no-burn trust,GARMENT,CANDIDATE,,,LOW,
GARMENT_NEED_3,NEED,convenience,Candidate need: convenience,GARMENT,CANDIDATE,,,LOW,
GARMENT_NEED_4,NEED,presentable appearance,Candidate need: presentable appearance,GARMENT,CANDIDATE,,,LOW,
GARMENT_CTX_0,CONTEXT,before work,Candidate context: before work,GARMENT,CANDIDATE,,,LOW,
GARMENT_CTX_1,CONTEXT,before events,Candidate context: before events,GARMENT,CANDIDATE,,,LOW,
GARMENT_CTX_2,CONTEXT,post-travel unpacking,Candidate context: post-travel unpacking,GARMENT,CANDIDATE,,,LOW,
GARMENT_CTX_3,CONTEXT,laundry day,Candidate context: laundry day,GARMENT,CANDIDATE,,,LOW,
GARMENT_CTX_4,CONTEXT,delicate fabric care,Candidate context: delicate fabric care,GARMENT,CANDIDATE,,,LOW,
GARMENT_TRIG_0,TRIGGER,wrinkled clothing noticed,Candidate trigger: wrinkled clothing noticed,GARMENT,CANDIDATE,,,LOW,
GARMENT_TRIG_1,TRIGGER,event or meeting,Candidate trigger: event or meeting,GARMENT,CANDIDATE,,,LOW,
GARMENT_TRIG_2,TRIGGER,returning from travel,Candidate trigger: returning from travel,GARMENT,CANDIDATE,,,LOW,
GARMENT_TRIG_3,TRIGGER,laundry basket full,Candidate trigger: laundry basket full,GARMENT,CANDIDATE,,,LOW,
GARMENT_BEH_0,BEHAVIOR,refills water tank,Candidate behavior: refills water tank,GARMENT,CANDIDATE,,,LOW,
GARMENT_BEH_1,BEHAVIOR,waits for heat-up,Candidate behavior: waits for heat-up,GARMENT,CANDIDATE,,,LOW,
GARMENT_BEH_2,BEHAVIOR,irons/steams on hanger or board,Candidate behavior: irons/steams on hanger or board,GARMENT,CANDIDATE,,,LOW,
GARMENT_BEH_3,BEHAVIOR,descales occasionally,Candidate behavior: descales occasionally,GARMENT,CANDIDATE,,,LOW,
GARMENT_BEH_4,BEHAVIOR,stores device between uses,Candidate behavior: stores device between uses,GARMENT,CANDIDATE,,,LOW,
GARMENT_FRIC_0,FRICTION,water tank refilling,Candidate friction: water tank refilling,GARMENT,CANDIDATE,,,LOW,
GARMENT_FRIC_1,FRICTION,descaling,Candidate friction: descaling,GARMENT,CANDIDATE,,,LOW,
GARMENT_FRIC_2,FRICTION,heat-up wait time,Candidate friction: heat-up wait time,GARMENT,CANDIDATE,,,LOW,
GARMENT_FRIC_3,FRICTION,storage footprint,Candidate friction: storage footprint,GARMENT,CANDIDATE,,,LOW,
GARMENT_FRIC_4,FRICTION,steam burn risk,Candidate friction: steam burn risk,GARMENT,CANDIDATE,,,LOW,
GARMENT_OUT_0,OUTCOME,wrinkle-free clothes faster,Candidate outcome: wrinkle-free clothes faster,GARMENT,CANDIDATE,,,LOW,
GARMENT_OUT_1,OUTCOME,reduced ironing-board dependency,Candidate outcome: reduced ironing-board dependency,GARMENT,CANDIDATE,,,LOW,
GARMENT_OUT_2,OUTCOME,extended garment life,Candidate outcome: extended garment life,GARMENT,CANDIDATE,,,LOW,
GARMENT_OUT_3,OUTCOME,more confident appearance,Candidate outcome: more confident appearance,GARMENT,CANDIDATE,,,LOW,
HOMESAFE_JOB_0,USER_JOB,Know who's at the door or on the property,Candidate user job: Know who's at the door or on the property,HOMESAFE,CANDIDATE,,,LOW,
HOMESAFE_JOB_1,USER_JOB,Monitor home while away,Candidate user job: Monitor home while away,HOMESAFE,CANDIDATE,,,LOW,
HOMESAFE_JOB_2,USER_JOB,Deter intruders,Candidate user job: Deter intruders,HOMESAFE,CANDIDATE,,,LOW,
HOMESAFE_JOB_3,USER_JOB,Check on family or pets remotely,Candidate user job: Check on family or pets remotely,HOMESAFE,CANDIDATE,,,LOW,
HOMESAFE_JOB_4,USER_JOB,Get alerted to unusual activity,Candidate user job: Get alerted to unusual activity,HOMESAFE,CANDIDATE,,,LOW,
HOMESAFE_NEED_0,NEED,safety reassurance,Candidate need: safety reassurance,HOMESAFE,CANDIDATE,,,LOW,
HOMESAFE_NEED_1,NEED,trust in accuracy / low false alarms,Candidate need: trust in accuracy / low false alarms,HOMESAFE,CANDIDATE,,,LOW,
HOMESAFE_NEED_2,NEED,control,Candidate need: control,HOMESAFE,CANDIDATE,,,LOW,
HOMESAFE_NEED_3,NEED,privacy,Candidate need: privacy,HOMESAFE,CANDIDATE,,,LOW,
HOMESAFE_NEED_4,NEED,low-effort setup,Candidate need: low-effort setup,HOMESAFE,CANDIDATE,,,LOW,
HOMESAFE_CTX_0,CONTEXT,away from home,Candidate context: away from home,HOMESAFE,CANDIDATE,,,LOW,
HOMESAFE_CTX_1,CONTEXT,night-time,Candidate context: night-time,HOMESAFE,CANDIDATE,,,LOW,
HOMESAFE_CTX_2,CONTEXT,deliveries,Candidate context: deliveries,HOMESAFE,CANDIDATE,,,LOW,
HOMESAFE_CTX_3,CONTEXT,family with children or elderly,Candidate context: family with children or elderly,HOMESAFE,CANDIDATE,,,LOW,
HOMESAFE_CTX_4,CONTEXT,pet owners,Candidate context: pet owners,HOMESAFE,CANDIDATE,,,LOW,
HOMESAFE_TRIG_0,TRIGGER,motion detected,Candidate trigger: motion detected,HOMESAFE,CANDIDATE,,,LOW,
HOMESAFE_TRIG_1,TRIGGER,doorbell rings,Candidate trigger: doorbell rings,HOMESAFE,CANDIDATE,,,LOW,
HOMESAFE_TRIG_2,TRIGGER,notification received,Candidate trigger: notification received,HOMESAFE,CANDIDATE,,,LOW,
HOMESAFE_TRIG_3,TRIGGER,returning home,Candidate trigger: returning home,HOMESAFE,CANDIDATE,,,LOW,
HOMESAFE_TRIG_4,TRIGGER,unfamiliar sound,Candidate trigger: unfamiliar sound,HOMESAFE,CANDIDATE,,,LOW,
HOMESAFE_BEH_0,BEHAVIOR,checks app notifications,Candidate behavior: checks app notifications,HOMESAFE,CANDIDATE,,,LOW,
HOMESAFE_BEH_1,BEHAVIOR,reviews clip history,Candidate behavior: reviews clip history,HOMESAFE,CANDIDATE,,,LOW,
HOMESAFE_BEH_2,BEHAVIOR,talks via two-way audio,Candidate behavior: talks via two-way audio,HOMESAFE,CANDIDATE,,,LOW,
HOMESAFE_BEH_3,BEHAVIOR,adjusts detection zones,Candidate behavior: adjusts detection zones,HOMESAFE,CANDIDATE,,,LOW,
HOMESAFE_BEH_4,BEHAVIOR,shares access with family,Candidate behavior: shares access with family,HOMESAFE,CANDIDATE,,,LOW,
HOMESAFE_FRIC_0,FRICTION,false alerts,Candidate friction: false alerts,HOMESAFE,CANDIDATE,,,LOW,
HOMESAFE_FRIC_1,FRICTION,WiFi reliability,Candidate friction: WiFi reliability,HOMESAFE,CANDIDATE,,,LOW,
HOMESAFE_FRIC_2,FRICTION,battery/charging,Candidate friction: battery/charging,HOMESAFE,CANDIDATE,,,LOW,
HOMESAFE_FRIC_3,FRICTION,privacy concerns,Candidate friction: privacy concerns,HOMESAFE,CANDIDATE,,,LOW,
HOMESAFE_FRIC_4,FRICTION,subscription cost for cloud storage,Candidate friction: subscription cost for cloud storage,HOMESAFE,CANDIDATE,,,LOW,
HOMESAFE_OUT_0,OUTCOME,increased peace of mind,Candidate outcome: increased peace of mind,HOMESAFE,CANDIDATE,,,LOW,
HOMESAFE_OUT_1,OUTCOME,faster awareness of events,Candidate outcome: faster awareness of events,HOMESAFE,CANDIDATE,,,LOW,
HOMESAFE_OUT_2,OUTCOME,deterrence effect,Candidate outcome: deterrence effect,HOMESAFE,CANDIDATE,,,LOW,
HOMESAFE_OUT_3,OUTCOME,documented evidence when needed,Candidate outcome: documented evidence when needed,HOMESAFE,CANDIDATE,,,LOW,
PET_JOB_0,USER_JOB,Feed pets on schedule when away,Candidate user job: Feed pets on schedule when away,PET,CANDIDATE,,,LOW,
PET_JOB_1,USER_JOB,Ensure pets have fresh water,Candidate user job: Ensure pets have fresh water,PET,CANDIDATE,,,LOW,
PET_JOB_2,USER_JOB,Check on pets remotely,Candidate user job: Check on pets remotely,PET,CANDIDATE,,,LOW,
PET_JOB_3,USER_JOB,Reduce daily pet-care chores,Candidate user job: Reduce daily pet-care chores,PET,CANDIDATE,,,LOW,
PET_JOB_4,USER_JOB,Maintain pet routine consistency,Candidate user job: Maintain pet routine consistency,PET,CANDIDATE,,,LOW,
PET_NEED_0,NEED,reassurance pet is cared for,Candidate need: reassurance pet is cared for,PET,CANDIDATE,,,LOW,
PET_NEED_1,NEED,trust in reliability,Candidate need: trust in reliability,PET,CANDIDATE,,,LOW,
PET_NEED_2,NEED,low effort,Candidate need: low effort,PET,CANDIDATE,,,LOW,
PET_NEED_3,NEED,routine consistency,Candidate need: routine consistency,PET,CANDIDATE,,,LOW,
PET_NEED_4,NEED,remote control,Candidate need: remote control,PET,CANDIDATE,,,LOW,
PET_CTX_0,CONTEXT,work day away from home,Candidate context: work day away from home,PET,CANDIDATE,,,LOW,
PET_CTX_1,CONTEXT,travel/vacation,Candidate context: travel/vacation,PET,CANDIDATE,,,LOW,
PET_CTX_2,CONTEXT,multi-pet households,Candidate context: multi-pet households,PET,CANDIDATE,,,LOW,
PET_CTX_3,CONTEXT,elderly or independent pets,Candidate context: elderly or independent pets,PET,CANDIDATE,,,LOW,
PET_TRIG_0,TRIGGER,leaving for work or travel,Candidate trigger: leaving for work or travel,PET,CANDIDATE,,,LOW,
PET_TRIG_1,TRIGGER,scheduled feeding time,Candidate trigger: scheduled feeding time,PET,CANDIDATE,,,LOW,
PET_TRIG_2,TRIGGER,low water/food level,Candidate trigger: low water/food level,PET,CANDIDATE,,,LOW,
PET_TRIG_3,TRIGGER,remote check-in urge,Candidate trigger: remote check-in urge,PET,CANDIDATE,,,LOW,
PET_BEH_0,BEHAVIOR,pre-schedules feeding times,Candidate behavior: pre-schedules feeding times,PET,CANDIDATE,,,LOW,
PET_BEH_1,BEHAVIOR,checks app/camera remotely,Candidate behavior: checks app/camera remotely,PET,CANDIDATE,,,LOW,
PET_BEH_2,BEHAVIOR,refills food/water reservoir,Candidate behavior: refills food/water reservoir,PET,CANDIDATE,,,LOW,
PET_BEH_3,BEHAVIOR,cleans fountain/feeder,Candidate behavior: cleans fountain/feeder,PET,CANDIDATE,,,LOW,
PET_BEH_4,BEHAVIOR,adjusts portions,Candidate behavior: adjusts portions,PET,CANDIDATE,,,LOW,
PET_FRIC_0,FRICTION,cleaning reservoirs,Candidate friction: cleaning reservoirs,PET,CANDIDATE,,,LOW,
PET_FRIC_1,FRICTION,connectivity reliability,Candidate friction: connectivity reliability,PET,CANDIDATE,,,LOW,
PET_FRIC_2,FRICTION,food/water running out unnoticed,Candidate friction: food/water running out unnoticed,PET,CANDIDATE,,,LOW,
PET_FRIC_3,FRICTION,replacement filter cost (fountain),Candidate friction: replacement filter cost (fountain),PET,CANDIDATE,,,LOW,
PET_OUT_0,OUTCOME,consistent feeding regardless of schedule,Candidate outcome: consistent feeding regardless of schedule,PET,CANDIDATE,,,LOW,
PET_OUT_1,OUTCOME,reduced worry when away,Candidate outcome: reduced worry when away,PET,CANDIDATE,,,LOW,
PET_OUT_2,OUTCOME,healthier hydration habits for pets,Candidate outcome: healthier hydration habits for pets,PET,CANDIDATE,,,LOW,
GARDEN_JOB_0,USER_JOB,Keep lawn maintained without manual mowing,Candidate user job: Keep lawn maintained without manual mowing,GARDEN,CANDIDATE,,,LOW,
GARDEN_JOB_1,USER_JOB,Save weekend time,Candidate user job: Save weekend time,GARDEN,CANDIDATE,,,LOW,
GARDEN_JOB_2,USER_JOB,Achieve consistent lawn appearance,Candidate user job: Achieve consistent lawn appearance,GARDEN,CANDIDATE,,,LOW,
GARDEN_JOB_3,USER_JOB,Reduce physical effort of yard work,Candidate user job: Reduce physical effort of yard work,GARDEN,CANDIDATE,,,LOW,
GARDEN_NEED_0,NEED,low effort,Candidate need: low effort,GARDEN,CANDIDATE,,,LOW,
GARDEN_NEED_1,NEED,trust the mower navigates safely,Candidate need: trust the mower navigates safely,GARDEN,CANDIDATE,,,LOW,
GARDEN_NEED_2,NEED,reliability,Candidate need: reliability,GARDEN,CANDIDATE,,,LOW,
GARDEN_NEED_3,NEED,low maintenance,Candidate need: low maintenance,GARDEN,CANDIDATE,,,LOW,
GARDEN_NEED_4,NEED,pride in garden appearance,Candidate need: pride in garden appearance,GARDEN,CANDIDATE,,,LOW,
GARDEN_CTX_0,CONTEXT,regular lawn upkeep,Candidate context: regular lawn upkeep,GARDEN,CANDIDATE,,,LOW,
GARDEN_CTX_1,CONTEXT,variable weather season,Candidate context: variable weather season,GARDEN,CANDIDATE,,,LOW,
GARDEN_CTX_2,CONTEXT,gardens with pets or children,Candidate context: gardens with pets or children,GARDEN,CANDIDATE,,,LOW,
GARDEN_CTX_3,CONTEXT,sloped or irregular lawns,Candidate context: sloped or irregular lawns,GARDEN,CANDIDATE,,,LOW,
GARDEN_TRIG_0,TRIGGER,grass visibly overgrown,Candidate trigger: grass visibly overgrown,GARDEN,CANDIDATE,,,LOW,
GARDEN_TRIG_1,TRIGGER,scheduled mowing day,Candidate trigger: scheduled mowing day,GARDEN,CANDIDATE,,,LOW,
GARDEN_TRIG_2,TRIGGER,good weather window,Candidate trigger: good weather window,GARDEN,CANDIDATE,,,LOW,
GARDEN_TRIG_3,TRIGGER,guests or events at home,Candidate trigger: guests or events at home,GARDEN,CANDIDATE,,,LOW,
GARDEN_BEH_0,BEHAVIOR,sets mowing schedule via app,Candidate behavior: sets mowing schedule via app,GARDEN,CANDIDATE,,,LOW,
GARDEN_BEH_1,BEHAVIOR,clears obstacles before runs,Candidate behavior: clears obstacles before runs,GARDEN,CANDIDATE,,,LOW,
GARDEN_BEH_2,BEHAVIOR,cleans blades/underside periodically,Candidate behavior: cleans blades/underside periodically,GARDEN,CANDIDATE,,,LOW,
GARDEN_BEH_3,BEHAVIOR,brings mower in during bad weather,Candidate behavior: brings mower in during bad weather,GARDEN,CANDIDATE,,,LOW,
GARDEN_BEH_4,BEHAVIOR,monitors via app,Candidate behavior: monitors via app,GARDEN,CANDIDATE,,,LOW,
GARDEN_FRIC_0,FRICTION,perimeter/boundary setup,Candidate friction: perimeter/boundary setup,GARDEN,CANDIDATE,,,LOW,
GARDEN_FRIC_1,FRICTION,blade maintenance,Candidate friction: blade maintenance,GARDEN,CANDIDATE,,,LOW,
GARDEN_FRIC_2,FRICTION,navigation around obstacles,Candidate friction: navigation around obstacles,GARDEN,CANDIDATE,,,LOW,
GARDEN_FRIC_3,FRICTION,charging dock placement,Candidate friction: charging dock placement,GARDEN,CANDIDATE,,,LOW,
GARDEN_FRIC_4,FRICTION,safety concerns around children/pets,Candidate friction: safety concerns around children/pets,GARDEN,CANDIDATE,,,LOW,
GARDEN_OUT_0,OUTCOME,consistently maintained lawn,Candidate outcome: consistently maintained lawn,GARDEN,CANDIDATE,,,LOW,
GARDEN_OUT_1,OUTCOME,reduced manual mowing time,Candidate outcome: reduced manual mowing time,GARDEN,CANDIDATE,,,LOW,
GARDEN_OUT_2,OUTCOME,more leisure time reclaimed,Candidate outcome: more leisure time reclaimed,GARDEN,CANDIDATE,,,LOW,
